"Part";"Value";"Device";"Package";"Description";"ALTERNATE_PARTNUMBER";"APPLICATION_BUILDNUMBER";"AVAILABILITY";"BUILT_BY";"COMPTYPE";"COPYRIGHT";"CUI_PURCHASE_URL";"DESCRIPTION";"DIGI-KEY_PART_NUMBER";"MANUFACTURER";"MANUFACTURER_PART_NUMBER";"MF";"MOUNTTYPE";"MP";"MPN";"OC_FARNELL";"OC_NEWARK";"PACKAGE";"PACKAGEREFERENCE";"PARTNUMBER";"PIN_COUNT";"POPULARITY";"PRICE";"PURCHASE-URL";"REFDES";"ROHS";"SOURCELIBRARY";"SPICEPREFIX";"TYPE";"VALUE";"VENDOR";
"C1";"1u";"C-USC0603";"C0603";"CAPACITOR, American symbol";"";"";"";"";"";"";"";"";"";"";"";"";"";"";"";"";"";"";"";"";"";"37";"";"";"";"";"";"C";"";"";"";
"C2";"2.2u";"C-USC0603";"C0603";"CAPACITOR, American symbol";"";"";"";"";"";"";"";"";"";"";"";"";"";"";"";"";"";"";"";"";"";"37";"";"";"";"";"";"C";"";"";"";
"C3";"2p";"C-USC0603";"C0603";"CAPACITOR, American symbol";"";"";"";"";"";"";"";"";"";"";"";"";"";"";"";"";"";"";"";"";"";"37";"";"";"";"";"";"C";"";"";"";
"C4";"100p";"C-USC0603";"C0603";"CAPACITOR, American symbol";"";"";"";"";"";"";"";"";"";"";"";"";"";"";"";"";"";"";"";"";"";"37";"";"";"";"";"";"C";"";"";"";
"C5";"10u";"C-USC0603";"C0603";"CAPACITOR, American symbol";"";"";"";"";"";"";"";"";"";"";"";"";"";"";"";"";"";"";"";"";"";"37";"";"";"";"";"";"C";"";"";"";
"C6";"DNP";"C-USC0603";"C0603";"CAPACITOR, American symbol";"";"";"";"";"";"";"";"";"";"";"";"";"";"";"";"";"";"";"";"";"";"37";"";"";"";"";"";"C";"";"";"";
"C7";"0.1u";"C-USC0603";"C0603";"CAPACITOR, American symbol";"";"";"";"";"";"";"";"";"";"";"";"";"";"";"";"";"";"";"";"";"";"37";"";"";"";"";"";"C";"";"";"";
"C8";"DNP";"C-USC0603";"C0603";"CAPACITOR, American symbol";"";"";"";"";"";"";"";"";"";"";"";"";"";"";"";"";"";"";"";"";"";"37";"";"";"";"";"";"C";"";"";"";
"C9";"0.1u";"C-USC0603";"C0603";"CAPACITOR, American symbol";"";"";"";"";"";"";"";"";"";"";"";"";"";"";"";"";"";"";"";"";"";"37";"";"";"";"";"";"C";"";"";"";
"C10";"0.1u";"C-USC0603";"C0603";"CAPACITOR, American symbol";"";"";"";"";"";"";"";"";"";"";"";"";"";"";"";"";"";"";"";"";"";"37";"";"";"";"";"";"C";"";"";"";
"C11";"0.1u";"C-USC0603";"C0603";"CAPACITOR, American symbol";"";"";"";"";"";"";"";"";"";"";"";"";"";"";"";"";"";"";"";"";"";"37";"";"";"";"";"";"C";"";"";"";
"C12";"0.1u";"C-USC0603";"C0603";"CAPACITOR, American symbol";"";"";"";"";"";"";"";"";"";"";"";"";"";"";"";"";"";"";"";"";"";"37";"";"";"";"";"";"C";"";"";"";
"C13";"10u";"C-USC0603";"C0603";"CAPACITOR, American symbol";"";"";"";"";"";"";"";"";"";"";"";"";"";"";"";"";"";"";"";"";"";"37";"";"";"";"";"";"C";"";"";"";
"C14";"0.1u";"C-USC0603";"C0603";"CAPACITOR, American symbol";"";"";"";"";"";"";"";"";"";"";"";"";"";"";"";"";"";"";"";"";"";"37";"";"";"";"";"";"C";"";"";"";
"C15";"0.1u";"C-USC0603";"C0603";"CAPACITOR, American symbol";"";"";"";"";"";"";"";"";"";"";"";"";"";"";"";"";"";"";"";"";"";"37";"";"";"";"";"";"C";"";"";"";
"C16";"0.1u";"C-USC0603";"C0603";"CAPACITOR, American symbol";"";"";"";"";"";"";"";"";"";"";"";"";"";"";"";"";"";"";"";"";"";"37";"";"";"";"";"";"C";"";"";"";
"C17";"0.1u";"C-USC0603";"C0603";"CAPACITOR, American symbol";"";"";"";"";"";"";"";"";"";"";"";"";"";"";"";"";"";"";"";"";"";"37";"";"";"";"";"";"C";"";"";"";
"C18";"0.1u";"C-USC0603";"C0603";"CAPACITOR, American symbol";"";"";"";"";"";"";"";"";"";"";"";"";"";"";"";"";"";"";"";"";"";"37";"";"";"";"";"";"C";"";"";"";
"C19";"DNP";"C-USC0603";"C0603";"CAPACITOR, American symbol";"";"";"";"";"";"";"";"";"";"";"";"";"";"";"";"";"";"";"";"";"";"37";"";"";"";"";"";"C";"";"";"";
"C20";"DNP";"C-USC0603";"C0603";"CAPACITOR, American symbol";"";"";"";"";"";"";"";"";"";"";"";"";"";"";"";"";"";"";"";"";"";"37";"";"";"";"";"";"C";"";"";"";
"C21";"1u";"C-USC0603";"C0603";"CAPACITOR, American symbol";"";"";"";"";"";"";"";"";"";"";"";"";"";"";"";"";"";"";"";"";"";"37";"";"";"";"";"";"C";"";"";"";
"C22";"0.1u";"C-USC0603";"C0603";"CAPACITOR, American symbol";"";"";"";"";"";"";"";"";"";"";"";"";"";"";"";"";"";"";"";"";"";"37";"";"";"";"";"";"C";"";"";"";
"C23";"0.1u";"C-USC0603";"C0603";"CAPACITOR, American symbol";"";"";"";"";"";"";"";"";"";"";"";"";"";"";"";"";"";"";"";"";"";"37";"";"";"";"";"";"C";"";"";"";
"C24";"0.1u";"C-USC0603";"C0603";"CAPACITOR, American symbol";"";"";"";"";"";"";"";"";"";"";"";"";"";"";"";"";"";"";"";"";"";"37";"";"";"";"";"";"C";"";"";"";
"C25";"1u";"C-USC0603";"C0603";"CAPACITOR, American symbol";"";"";"";"";"";"";"";"";"";"";"";"";"";"";"";"";"";"";"";"";"";"37";"";"";"";"";"";"C";"";"";"";
"C26";"0.1u";"C-USC0603";"C0603";"CAPACITOR, American symbol";"";"";"";"";"";"";"";"";"";"";"";"";"";"";"";"";"";"";"";"";"";"37";"";"";"";"";"";"C";"";"";"";
"C27";"0.1u";"C-USC0603";"C0603";"CAPACITOR, American symbol";"";"";"";"";"";"";"";"";"";"";"";"";"";"";"";"";"";"";"";"";"";"37";"";"";"";"";"";"C";"";"";"";
"C28";"4.7u";"C-USC0603";"C0603";"CAPACITOR, American symbol";"";"";"";"";"";"";"";"";"";"";"";"";"";"";"";"";"";"";"";"";"";"37";"";"";"";"";"";"C";"";"";"";
"C29";"0.1u";"C-USC0603";"C0603";"CAPACITOR, American symbol";"";"";"";"";"";"";"";"";"";"";"";"";"";"";"";"";"";"";"";"";"";"37";"";"";"";"";"";"C";"";"";"";
"C30";"4.7u";"C-USC0603";"C0603";"CAPACITOR, American symbol";"";"";"";"";"";"";"";"";"";"";"";"";"";"";"";"";"";"";"";"";"";"37";"";"";"";"";"";"C";"";"";"";
"C31";"10u";"C-USC0603";"C0603";"CAPACITOR, American symbol";"";"";"";"";"";"";"";"";"";"";"";"";"";"";"";"";"";"";"";"";"";"37";"";"";"";"";"";"C";"";"";"";
"C32";"0.33u";"C-USC0603";"C0603";"CAPACITOR, American symbol";"";"";"";"";"";"";"";"";"";"";"";"";"";"";"";"";"";"";"";"";"";"37";"";"";"";"";"";"C";"";"";"";
"C33";"0.1u";"C-USC0603";"C0603";"CAPACITOR, American symbol";"";"";"";"";"";"";"";"";"";"";"";"";"";"";"";"";"";"";"";"";"";"37";"";"";"";"";"";"C";"";"";"";
"C34";"1u";"C-USC0603";"C0603";"CAPACITOR, American symbol";"";"";"";"";"";"";"";"";"";"";"";"";"";"";"";"";"";"";"";"";"";"37";"";"";"";"";"";"C";"";"";"";
"C35";"1u";"C-USC0603";"C0603";"CAPACITOR, American symbol";"";"";"";"";"";"";"";"";"";"";"";"";"";"";"";"";"";"";"";"";"";"37";"";"";"";"";"";"C";"";"";"";
"C36";"1u";"C-USC0603";"C0603";"CAPACITOR, American symbol";"";"";"";"";"";"";"";"";"";"";"";"";"";"";"";"";"";"";"";"";"";"37";"";"";"";"";"";"C";"";"";"";
"C37";"1u";"C-USC0603";"C0603";"CAPACITOR, American symbol";"";"";"";"";"";"";"";"";"";"";"";"";"";"";"";"";"";"";"";"";"";"37";"";"";"";"";"";"C";"";"";"";
"C38";"0.1u";"C-USC0603";"C0603";"CAPACITOR, American symbol";"";"";"";"";"";"";"";"";"";"";"";"";"";"";"";"";"";"";"";"";"";"37";"";"";"";"";"";"C";"";"";"";
"C39";"0.1u";"C-USC0603";"C0603";"CAPACITOR, American symbol";"";"";"";"";"";"";"";"";"";"";"";"";"";"";"";"";"";"";"";"";"";"37";"";"";"";"";"";"C";"";"";"";
"C40";"0.1u";"C-USC0603";"C0603";"CAPACITOR, American symbol";"";"";"";"";"";"";"";"";"";"";"";"";"";"";"";"";"";"";"";"";"";"37";"";"";"";"";"";"C";"";"";"";
"C41";"0.1u";"C-USC0603";"C0603";"CAPACITOR, American symbol";"";"";"";"";"";"";"";"";"";"";"";"";"";"";"";"";"";"";"";"";"";"37";"";"";"";"";"";"C";"";"";"";
"C42";"0.1u";"C-USC0603";"C0603";"CAPACITOR, American symbol";"";"";"";"";"";"";"";"";"";"";"";"";"";"";"";"";"";"";"";"";"";"37";"";"";"";"";"";"C";"";"";"";
"C43";"0.1u";"C-USC0603";"C0603";"CAPACITOR, American symbol";"";"";"";"";"";"";"";"";"";"";"";"";"";"";"";"";"";"";"";"";"";"37";"";"";"";"";"";"C";"";"";"";
"C44";"0.1u";"C-USC0603";"C0603";"CAPACITOR, American symbol";"";"";"";"";"";"";"";"";"";"";"";"";"";"";"";"";"";"";"";"";"";"37";"";"";"";"";"";"C";"";"";"";
"C45";"10u";"C-USC0603";"C0603";"CAPACITOR, American symbol";"";"";"";"";"";"";"";"";"";"";"";"";"";"";"";"";"";"";"";"";"";"37";"";"";"";"";"";"C";"";"";"";
"C46";"0.1u";"C-USC0603";"C0603";"CAPACITOR, American symbol";"";"";"";"";"";"";"";"";"";"";"";"";"";"";"";"";"";"";"";"";"";"37";"";"";"";"";"";"C";"";"";"";
"C47";"0.1u";"C-USC0603";"C0603";"CAPACITOR, American symbol";"";"";"";"";"";"";"";"";"";"";"";"";"";"";"";"";"";"";"";"";"";"37";"";"";"";"";"";"C";"";"";"";
"C48";"0.1u";"C-USC0603";"C0603";"CAPACITOR, American symbol";"";"";"";"";"";"";"";"";"";"";"";"";"";"";"";"";"";"";"";"";"";"37";"";"";"";"";"";"C";"";"";"";
"C49";"0.1u";"C-USC0603";"C0603";"CAPACITOR, American symbol";"";"";"";"";"";"";"";"";"";"";"";"";"";"";"";"";"";"";"";"";"";"37";"";"";"";"";"";"C";"";"";"";
"C50";"0.1u";"C-USC0603";"C0603";"CAPACITOR, American symbol";"";"";"";"";"";"";"";"";"";"";"";"";"";"";"";"";"";"";"";"";"";"37";"";"";"";"";"";"C";"";"";"";
"C51";"1u";"C-USC0603";"C0603";"CAPACITOR, American symbol";"";"";"";"";"";"";"";"";"";"";"";"";"";"";"";"";"";"";"";"";"";"37";"";"";"";"";"";"C";"";"";"";
"C52";"0.1u";"C-USC0603";"C0603";"CAPACITOR, American symbol";"";"";"";"";"";"";"";"";"";"";"";"";"";"";"";"";"";"";"";"";"";"37";"";"";"";"";"";"C";"";"";"";
"C53";"0.1u";"C-USC0603";"C0603";"CAPACITOR, American symbol";"";"";"";"";"";"";"";"";"";"";"";"";"";"";"";"";"";"";"";"";"";"37";"";"";"";"";"";"C";"";"";"";
"C54";"0.1u";"C-USC0603";"C0603";"CAPACITOR, American symbol";"";"";"";"";"";"";"";"";"";"";"";"";"";"";"";"";"";"";"";"";"";"37";"";"";"";"";"";"C";"";"";"";
"C55";"100p";"C-USC0603";"C0603";"CAPACITOR, American symbol";"";"";"";"";"";"";"";"";"";"";"";"";"";"";"";"";"";"";"";"";"";"37";"";"";"";"";"";"C";"";"";"";
"C56";"10u";"C-USC0603";"C0603";"CAPACITOR, American symbol";"";"";"";"";"";"";"";"";"";"";"";"";"";"";"";"";"";"";"";"";"";"37";"";"";"";"";"";"C";"";"";"";
"C57";"0.1u";"C-USC0603";"C0603";"CAPACITOR, American symbol";"";"";"";"";"";"";"";"";"";"";"";"";"";"";"";"";"";"";"";"";"";"37";"";"";"";"";"";"C";"";"";"";
"C58";"0.1u";"C-USC0603";"C0603";"CAPACITOR, American symbol";"";"";"";"";"";"";"";"";"";"";"";"";"";"";"";"";"";"";"";"";"";"37";"";"";"";"";"";"C";"";"";"";
"C59";"0.1u";"C-USC0603";"C0603";"CAPACITOR, American symbol";"";"";"";"";"";"";"";"";"";"";"";"";"";"";"";"";"";"";"";"";"";"37";"";"";"";"";"";"C";"";"";"";
"C60";"0.1u";"C-USC0603";"C0603";"CAPACITOR, American symbol";"";"";"";"";"";"";"";"";"";"";"";"";"";"";"";"";"";"";"";"";"";"37";"";"";"";"";"";"C";"";"";"";
"C61";"0.1u";"C-USC0603";"C0603";"CAPACITOR, American symbol";"";"";"";"";"";"";"";"";"";"";"";"";"";"";"";"";"";"";"";"";"";"37";"";"";"";"";"";"C";"";"";"";
"C62";"DNP";"C-USC0603";"C0603";"CAPACITOR, American symbol";"";"";"";"";"";"";"";"";"";"";"";"";"";"";"";"";"";"";"";"";"";"37";"";"";"";"";"";"C";"";"";"";
"C63";"DNP";"C-USC0603";"C0603";"CAPACITOR, American symbol";"";"";"";"";"";"";"";"";"";"";"";"";"";"";"";"";"";"";"";"";"";"37";"";"";"";"";"";"C";"";"";"";
"C64";"0.1u";"C-USC0603";"C0603";"CAPACITOR, American symbol";"";"";"";"";"";"";"";"";"";"";"";"";"";"";"";"";"";"";"";"";"";"37";"";"";"";"";"";"C";"";"";"";
"C65";"0.1u";"C-USC0603";"C0603";"CAPACITOR, American symbol";"";"";"";"";"";"";"";"";"";"";"";"";"";"";"";"";"";"";"";"";"";"37";"";"";"";"";"";"C";"";"";"";
"C66";"10u";"C-USC0603";"C0603";"CAPACITOR, American symbol";"";"";"";"";"";"";"";"";"";"";"";"";"";"";"";"";"";"";"";"";"";"37";"";"";"";"";"";"C";"";"";"";
"C67";"0.1u";"C-USC0603";"C0603";"CAPACITOR, American symbol";"";"";"";"";"";"";"";"";"";"";"";"";"";"";"";"";"";"";"";"";"";"37";"";"";"";"";"";"C";"";"";"";
"C68";"0.1u";"C-USC0603";"C0603";"CAPACITOR, American symbol";"";"";"";"";"";"";"";"";"";"";"";"";"";"";"";"";"";"";"";"";"";"37";"";"";"";"";"";"C";"";"";"";
"C69";"100p";"C-USC0603";"C0603";"CAPACITOR, American symbol";"";"";"";"";"";"";"";"";"";"";"";"";"";"";"";"";"";"";"";"";"";"37";"";"";"";"";"";"C";"";"";"";
"C70";"10u";"C-USC0603";"C0603";"CAPACITOR, American symbol";"";"";"";"";"";"";"";"";"";"";"";"";"";"";"";"";"";"";"";"";"";"37";"";"";"";"";"";"C";"";"";"";
"C71";"0.1u";"C-USC0603";"C0603";"CAPACITOR, American symbol";"";"";"";"";"";"";"";"";"";"";"";"";"";"";"";"";"";"";"";"";"";"37";"";"";"";"";"";"C";"";"";"";
"C72";"0.1u";"C-USC0603";"C0603";"CAPACITOR, American symbol";"";"";"";"";"";"";"";"";"";"";"";"";"";"";"";"";"";"";"";"";"";"37";"";"";"";"";"";"C";"";"";"";
"C73";"0.1u";"C-USC0603";"C0603";"CAPACITOR, American symbol";"";"";"";"";"";"";"";"";"";"";"";"";"";"";"";"";"";"";"";"";"";"37";"";"";"";"";"";"C";"";"";"";
"C74";"0.1u";"C-USC0603";"C0603";"CAPACITOR, American symbol";"";"";"";"";"";"";"";"";"";"";"";"";"";"";"";"";"";"";"";"";"";"37";"";"";"";"";"";"C";"";"";"";
"C75";"0.1u";"C-USC0603";"C0603";"CAPACITOR, American symbol";"";"";"";"";"";"";"";"";"";"";"";"";"";"";"";"";"";"";"";"";"";"37";"";"";"";"";"";"C";"";"";"";
"C76";"DNP";"C-USC0603";"C0603";"CAPACITOR, American symbol";"";"";"";"";"";"";"";"";"";"";"";"";"";"";"";"";"";"";"";"";"";"37";"";"";"";"";"";"C";"";"";"";
"C77";"DNP";"C-USC0603";"C0603";"CAPACITOR, American symbol";"";"";"";"";"";"";"";"";"";"";"";"";"";"";"";"";"";"";"";"";"";"37";"";"";"";"";"";"C";"";"";"";
"C78";"0.1u";"C-USC0603";"C0603";"CAPACITOR, American symbol";"";"";"";"";"";"";"";"";"";"";"";"";"";"";"";"";"";"";"";"";"";"37";"";"";"";"";"";"C";"";"";"";
"C79";"0.1u";"C-USC0603";"C0603";"CAPACITOR, American symbol";"";"";"";"";"";"";"";"";"";"";"";"";"";"";"";"";"";"";"";"";"";"37";"";"";"";"";"";"C";"";"";"";
"C80";"10u";"C-USC0603";"C0603";"CAPACITOR, American symbol";"";"";"";"";"";"";"";"";"";"";"";"";"";"";"";"";"";"";"";"";"";"37";"";"";"";"";"";"C";"";"";"";
"C81";"0.1u";"C-USC0603";"C0603";"CAPACITOR, American symbol";"";"";"";"";"";"";"";"";"";"";"";"";"";"";"";"";"";"";"";"";"";"37";"";"";"";"";"";"C";"";"";"";
"C82";"0.1u";"C-USC0603";"C0603";"CAPACITOR, American symbol";"";"";"";"";"";"";"";"";"";"";"";"";"";"";"";"";"";"";"";"";"";"37";"";"";"";"";"";"C";"";"";"";
"C83";"100p";"C-USC0603";"C0603";"CAPACITOR, American symbol";"";"";"";"";"";"";"";"";"";"";"";"";"";"";"";"";"";"";"";"";"";"37";"";"";"";"";"";"C";"";"";"";
"C84";"10u";"C-USC0603";"C0603";"CAPACITOR, American symbol";"";"";"";"";"";"";"";"";"";"";"";"";"";"";"";"";"";"";"";"";"";"37";"";"";"";"";"";"C";"";"";"";
"C85";"0.1u";"C-USC0603";"C0603";"CAPACITOR, American symbol";"";"";"";"";"";"";"";"";"";"";"";"";"";"";"";"";"";"";"";"";"";"37";"";"";"";"";"";"C";"";"";"";
"C86";"0.1u";"C-USC0603";"C0603";"CAPACITOR, American symbol";"";"";"";"";"";"";"";"";"";"";"";"";"";"";"";"";"";"";"";"";"";"37";"";"";"";"";"";"C";"";"";"";
"C87";"0.1u";"C-USC0603";"C0603";"CAPACITOR, American symbol";"";"";"";"";"";"";"";"";"";"";"";"";"";"";"";"";"";"";"";"";"";"37";"";"";"";"";"";"C";"";"";"";
"C88";"0.1u";"C-USC0603";"C0603";"CAPACITOR, American symbol";"";"";"";"";"";"";"";"";"";"";"";"";"";"";"";"";"";"";"";"";"";"37";"";"";"";"";"";"C";"";"";"";
"C89";"0.1u";"C-USC0603";"C0603";"CAPACITOR, American symbol";"";"";"";"";"";"";"";"";"";"";"";"";"";"";"";"";"";"";"";"";"";"37";"";"";"";"";"";"C";"";"";"";
"C90";"DNP";"C-USC0603";"C0603";"CAPACITOR, American symbol";"";"";"";"";"";"";"";"";"";"";"";"";"";"";"";"";"";"";"";"";"";"37";"";"";"";"";"";"C";"";"";"";
"C91";"DNP";"C-USC0603";"C0603";"CAPACITOR, American symbol";"";"";"";"";"";"";"";"";"";"";"";"";"";"";"";"";"";"";"";"";"";"37";"";"";"";"";"";"C";"";"";"";
"C92";"0.1u";"C-USC0603";"C0603";"CAPACITOR, American symbol";"";"";"";"";"";"";"";"";"";"";"";"";"";"";"";"";"";"";"";"";"";"37";"";"";"";"";"";"C";"";"";"";
"C93";"0.1u";"C-USC0603";"C0603";"CAPACITOR, American symbol";"";"";"";"";"";"";"";"";"";"";"";"";"";"";"";"";"";"";"";"";"";"37";"";"";"";"";"";"C";"";"";"";
"C94";"10u";"C-USC0603";"C0603";"CAPACITOR, American symbol";"";"";"";"";"";"";"";"";"";"";"";"";"";"";"";"";"";"";"";"";"";"37";"";"";"";"";"";"C";"";"";"";
"C95";"0.1u";"C-USC0603";"C0603";"CAPACITOR, American symbol";"";"";"";"";"";"";"";"";"";"";"";"";"";"";"";"";"";"";"";"";"";"37";"";"";"";"";"";"C";"";"";"";
"C96";"0.1u";"C-USC0603";"C0603";"CAPACITOR, American symbol";"";"";"";"";"";"";"";"";"";"";"";"";"";"";"";"";"";"";"";"";"";"37";"";"";"";"";"";"C";"";"";"";
"C97";"DNP";"C-USC0603";"C0603";"CAPACITOR, American symbol";"";"";"";"";"";"";"";"";"";"";"";"";"";"";"";"";"";"";"";"";"";"37";"";"";"";"";"";"C";"";"";"";
"C98";"0.1u";"C-USC0603";"C0603";"CAPACITOR, American symbol";"";"";"";"";"";"";"";"";"";"";"";"";"";"";"";"";"";"";"";"";"";"37";"";"";"";"";"";"C";"";"";"";
"C99";"DNP";"C-USC0603";"C0603";"CAPACITOR, American symbol";"";"";"";"";"";"";"";"";"";"";"";"";"";"";"";"";"";"";"";"";"";"37";"";"";"";"";"";"C";"";"";"";
"C100";"0.1u";"C-USC0603";"C0603";"CAPACITOR, American symbol";"";"";"";"";"";"";"";"";"";"";"";"";"";"";"";"";"";"";"";"";"";"37";"";"";"";"";"";"C";"";"";"";
"C101";"0.1u";"C-USC0603";"C0603";"CAPACITOR, American symbol";"";"";"";"";"";"";"";"";"";"";"";"";"";"";"";"";"";"";"";"";"";"37";"";"";"";"";"";"C";"";"";"";
"C102";"2p";"C-USC0603";"C0603";"CAPACITOR, American symbol";"";"";"";"";"";"";"";"";"";"";"";"";"";"";"";"";"";"";"";"";"";"37";"";"";"";"";"";"C";"";"";"";
"C103";"0.1u";"C-USC0603";"C0603";"CAPACITOR, American symbol";"";"";"";"";"";"";"";"";"";"";"";"";"";"";"";"";"";"";"";"";"";"37";"";"";"";"";"";"C";"";"";"";
"C104";"0.1u";"C-USC0603";"C0603";"CAPACITOR, American symbol";"";"";"";"";"";"";"";"";"";"";"";"";"";"";"";"";"";"";"";"";"";"37";"";"";"";"";"";"C";"";"";"";
"C105";"DNP";"C-USC0603";"C0603";"CAPACITOR, American symbol";"";"";"";"";"";"";"";"";"";"";"";"";"";"";"";"";"";"";"";"";"";"37";"";"";"";"";"";"C";"";"";"";
"C106";"0.1u";"C-USC0603";"C0603";"CAPACITOR, American symbol";"";"";"";"";"";"";"";"";"";"";"";"";"";"";"";"";"";"";"";"";"";"37";"";"";"";"";"";"C";"";"";"";
"C107";"DNP";"C-USC0603";"C0603";"CAPACITOR, American symbol";"";"";"";"";"";"";"";"";"";"";"";"";"";"";"";"";"";"";"";"";"";"37";"";"";"";"";"";"C";"";"";"";
"C108";"0.1u";"C-USC0603";"C0603";"CAPACITOR, American symbol";"";"";"";"";"";"";"";"";"";"";"";"";"";"";"";"";"";"";"";"";"";"37";"";"";"";"";"";"C";"";"";"";
"C109";"0.1u";"C-USC0603";"C0603";"CAPACITOR, American symbol";"";"";"";"";"";"";"";"";"";"";"";"";"";"";"";"";"";"";"";"";"";"37";"";"";"";"";"";"C";"";"";"";
"C110";"2p";"C-USC0603";"C0603";"CAPACITOR, American symbol";"";"";"";"";"";"";"";"";"";"";"";"";"";"";"";"";"";"";"";"";"";"37";"";"";"";"";"";"C";"";"";"";
"C111";"0.1u";"C-USC0603";"C0603";"CAPACITOR, American symbol";"";"";"";"";"";"";"";"";"";"";"";"";"";"";"";"";"";"";"";"";"";"37";"";"";"";"";"";"C";"";"";"";
"C112";"0.1u";"C-USC0603";"C0603";"CAPACITOR, American symbol";"";"";"";"";"";"";"";"";"";"";"";"";"";"";"";"";"";"";"";"";"";"37";"";"";"";"";"";"C";"";"";"";
"C113";"DNP";"C-USC0603";"C0603";"CAPACITOR, American symbol";"";"";"";"";"";"";"";"";"";"";"";"";"";"";"";"";"";"";"";"";"";"37";"";"";"";"";"";"C";"";"";"";
"C114";"0.1u";"C-USC0603";"C0603";"CAPACITOR, American symbol";"";"";"";"";"";"";"";"";"";"";"";"";"";"";"";"";"";"";"";"";"";"37";"";"";"";"";"";"C";"";"";"";
"C115";"DNP";"C-USC0603";"C0603";"CAPACITOR, American symbol";"";"";"";"";"";"";"";"";"";"";"";"";"";"";"";"";"";"";"";"";"";"37";"";"";"";"";"";"C";"";"";"";
"C116";"0.1u";"C-USC0603";"C0603";"CAPACITOR, American symbol";"";"";"";"";"";"";"";"";"";"";"";"";"";"";"";"";"";"";"";"";"";"37";"";"";"";"";"";"C";"";"";"";
"C117";"0.1u";"C-USC0603";"C0603";"CAPACITOR, American symbol";"";"";"";"";"";"";"";"";"";"";"";"";"";"";"";"";"";"";"";"";"";"37";"";"";"";"";"";"C";"";"";"";
"C118";"2p";"C-USC0603";"C0603";"CAPACITOR, American symbol";"";"";"";"";"";"";"";"";"";"";"";"";"";"";"";"";"";"";"";"";"";"37";"";"";"";"";"";"C";"";"";"";
"C119";"0.1u";"C-USC0603";"C0603";"CAPACITOR, American symbol";"";"";"";"";"";"";"";"";"";"";"";"";"";"";"";"";"";"";"";"";"";"37";"";"";"";"";"";"C";"";"";"";
"C120";"0.1u";"C-USC0603";"C0603";"CAPACITOR, American symbol";"";"";"";"";"";"";"";"";"";"";"";"";"";"";"";"";"";"";"";"";"";"37";"";"";"";"";"";"C";"";"";"";
"C121";"0.1u";"C-USC0603";"C0603";"CAPACITOR, American symbol";"";"";"";"";"";"";"";"";"";"";"";"";"";"";"";"";"";"";"";"";"";"37";"";"";"";"";"";"C";"";"";"";
"C122";"0.1u";"C-USC0603";"C0603";"CAPACITOR, American symbol";"";"";"";"";"";"";"";"";"";"";"";"";"";"";"";"";"";"";"";"";"";"37";"";"";"";"";"";"C";"";"";"";
"D1";"PD3S130";"PD3S160";"POWERDI323";"1.0A SURFACE MOUNT SCHOTTKY BARRIER RECTIFIER POWERDI Â® 323";"";"";"";"";"";"";"";"";"";"";"";"";"";"";"";"";"";"";"";"";"";"0";"";"";"";"";"";"";"";"";"";
"H1";"MOUNT-HOLE3.0";"MOUNT-HOLE3.0";"3,0";"MOUNTING HOLE with drill center marker";"";"";"";"";"";"";"";"";"";"";"";"";"";"";"";"";"";"";"";"";"";"3";"";"";"";"";"";"";"";"";"";
"H2";"MOUNT-HOLE3.0";"MOUNT-HOLE3.0";"3,0";"MOUNTING HOLE with drill center marker";"";"";"";"";"";"";"";"";"";"";"";"";"";"";"";"";"";"";"";"";"";"3";"";"";"";"";"";"";"";"";"";
"H3";"MOUNT-HOLE3.0";"MOUNT-HOLE3.0";"3,0";"MOUNTING HOLE with drill center marker";"";"";"";"";"";"";"";"";"";"";"";"";"";"";"";"";"";"";"";"";"";"3";"";"";"";"";"";"";"";"";"";
"H4";"MOUNT-HOLE3.0";"MOUNT-HOLE3.0";"3,0";"MOUNTING HOLE with drill center marker";"";"";"";"";"";"";"";"";"";"";"";"";"";"";"";"";"";"";"";"";"";"3";"";"";"";"";"";"";"";"";"";
"IC1";"OPA1662";"OPA1662";"DGK8";"OPA1662AIDGKR";"";"";"";"";"";"";"";"";"";"";"";"";"";"";"";"";"";"";"";"";"";"";"";"";"";"";"";"";"";"";"";
"IC2";"ADA4610-2";"ADA4692-2R";"SO8";"Low Power, 3.6 MHz, Low Noise, Rail-to-Rail Output, Operational Amplifiers";"";"";"";"";"";"";"";"";"";"";"";"";"";"";"ADA4692-2ARZ";"1760810";"05R6523";"";"";"";"";"0";"";"";"";"";"";"";"";"";"";
"IC3";"ADA4610-2";"ADA4692-2R";"SO8";"Low Power, 3.6 MHz, Low Noise, Rail-to-Rail Output, Operational Amplifiers";"";"";"";"";"";"";"";"";"";"";"";"";"";"";"ADA4692-2ARZ";"1760810";"05R6523";"";"";"";"";"0";"";"";"";"";"";"";"";"";"";
"IC4";"OPA1662";"OPA1662";"DGK8";"OPA1662AIDGKR";"";"";"";"";"";"";"";"";"";"";"";"";"";"";"";"";"";"";"";"";"";"";"";"";"";"";"";"";"";"";"";
"IC5";"ADA4610-2";"ADA4692-2R";"SO8";"Low Power, 3.6 MHz, Low Noise, Rail-to-Rail Output, Operational Amplifiers";"";"";"";"";"";"";"";"";"";"";"";"";"";"";"ADA4692-2ARZ";"1760810";"05R6523";"";"";"";"";"0";"";"";"";"";"";"";"";"";"";
"IC6";"OPA1662";"OPA1662";"DGK8";"OPA1662AIDGKR";"";"";"";"";"";"";"";"";"";"";"";"";"";"";"";"";"";"";"";"";"";"";"";"";"";"";"";"";"";"";"";
"IC7";"ADA4610-2";"ADA4692-2R";"SO8";"Low Power, 3.6 MHz, Low Noise, Rail-to-Rail Output, Operational Amplifiers";"";"";"";"";"";"";"";"";"";"";"";"";"";"";"ADA4692-2ARZ";"1760810";"05R6523";"";"";"";"";"0";"";"";"";"";"";"";"";"";"";
"IC8";"OPA1662";"OPA1662";"DGK8";"OPA1662AIDGKR";"";"";"";"";"";"";"";"";"";"";"";"";"";"";"";"";"";"";"";"";"";"";"";"";"";"";"";"";"";"";"";
"J1";"PJ-202AH";"PJ-202AH";"CUI_PJ-202AH";"2.0 mm Center Pin, 5.0 A, Right Angle, Through Hole, Kinked Pins, Dc Power Jack Connector";"";"";"";"";"";"";"https://www.cuidevices.com/product/interconnect/connectors/dc-power-connectors/jacks/pj-202ah?utm_source=snapeda.com&utm_medium=referral&utm_campaign=snapedaBOM";" 2.0 x 6.5 mm, 5.0 A, Horizontal, Through Hole, Kinked Pins, Dc Power Jack Connector ";"CP-202AH-ND";"";"";"CUI Devices";"";"PJ-202AH";"";"";"";"None";"";"";"";"";"";"https://pricing.snapeda.com/search/part/PJ-202AH/?ref=eda";"";"";"";"";"";"";"";
"J2";"PJ-002B";"PJ-002B";"CUI_PJ-002B";"2.5 mm Center Pin, 2.5 A, Right Angle, Through Hole, Dc Power Jack Connector Check prices";"";"";"Good";"";"";"";"https://www.cuidevices.com/product/interconnect/connectors/dc-power-connectors/jacks/pj-002b?utm_source=snapeda.com&utm_medium=referral&utm_campaign=snapedaBOM";" 2.5 x 6.5 mm, 2.5 A, Horizontal, Through Hole, Dc Power Jack Connector ";"";"";"";"CUI Devices";"";"PJ-002B";"";"";"";"None";"";"";"";"";"None";"https://pricing.snapeda.com/search/part/PJ-002B/?ref=eda";"";"";"";"";"";"";"";
"J3";"2-406541-3";"2-406541-3";"CONN8_406541_TEC";"";"";"";"";"";"";"";"";"";"";"";"2-406541-3";"";"";"";"";"";"";"";"";"";"";"";"";"";"";"";"TE_Connectivity-2018-03-16";"";"";"";"TE Connectivity";
"JP1";"";"PINHD-1X04_2.54-SMD";"1X04SMD";"PIN HEADER";"";"";"";"";"";"";"";"";"";"";"";"";"";"";"";"";"";"";"";"";"";"";"";"";"";"";"";"";"";"";"";
"JP2";"";"PINHD-1X04_2.54-SMD";"1X04SMD";"PIN HEADER";"";"";"";"";"";"";"";"";"";"";"";"";"";"";"";"";"";"";"";"";"";"";"";"";"";"";"";"";"";"";"";
"JP3";"";"PINHD-1X04_2.54-SMD";"1X04SMD";"PIN HEADER";"";"";"";"";"";"";"";"";"";"";"";"";"";"";"";"";"";"";"";"";"";"";"";"";"";"";"";"";"";"";"";
"JP4";"";"PINHD-1X04_2.54-SMD";"1X04SMD";"PIN HEADER";"";"";"";"";"";"";"";"";"";"";"";"";"";"";"";"";"";"";"";"";"";"";"";"";"";"";"";"";"";"";"";
"JP5";"";"PINHD-1X04_2.54-SMD";"1X04SMD";"PIN HEADER";"";"";"";"";"";"";"";"";"";"";"";"";"";"";"";"";"";"";"";"";"";"";"";"";"";"";"";"";"";"";"";
"JP6";"";"PINHD-1X02_2.54-SMD";"1X02SMD";"PIN HEADER";"";"";"";"";"";"";"";"";"";"";"";"";"";"";"";"";"";"";"";"";"";"";"";"";"";"";"";"";"";"";"";
"JP7";"";"PINHD-2X06_2.54-SMD";"2X06SMD";"PIN HEADER";"";"";"";"";"";"";"";"";"";"";"";"";"";"";"";"";"";"";"";"";"";"";"";"";"";"";"";"";"";"";"";
"JP8";"";"PINHD-2X05_2.54-SMD";"2X05SMD";"PIN HEADER";"";"";"";"";"";"";"";"";"";"";"";"";"";"";"";"";"";"";"";"";"";"";"";"";"";"";"";"";"";"";"";
"L1";"SRR4028-4R7Y";"SRR4028-4R7Y";"IND_BOURNS_SRR4028";"";"";"";"";"EMA_UL_Team";"";"";"";"";"";"";"SRR4028-4R7Y";"";"";"";"";"";"";"";"";"";"";"";"";"";"";"";"Bourns_2010-01-01_IND_SRRxxxx";"";"";"";"Bourns Electronics";
"OK1";"OPALKELLY_XEM6310";"OPALKELLY_XEM6310";"OPALKELLY_XEM6010";"Opal Kelly XEM6010 USB/FPGA module";"";"";"";"";"";"";"";"";"";"";"";"";"";"";"";"";"";"";"";"";"";"";"";"";"";"";"";"";"";"";"";
"P1";"M-2X06-87759_M";"M-2X06-87759_M";"87759-12_M";"MALE HEADER";"";"";"";"";"";"";"";"";"";"";"";"";"";"";"";"";"";"";"";"";"";"";"";"";"";"";"";"";"";"";"";
"P2";"M-2X10-87759_M";"M-2X10-87759_M";"87759-20_M";"MALE HEADER";"";"";"";"";"";"";"";"";"";"";"";"";"";"";"";"";"";"";"";"";"";"";"";"";"";"";"";"";"";"";"";
"Q1";"MMBF4117";"MMBF4117";"SOT23";"mmbf4417 N-Channel switch with low leakage current";"";"";"";"";"";"";"";"";"";"";"";"Fairchild";"";"";"BSS138";"9845330";"67R2009";"";"";"";"";"";"";"";"";"";"";"";"";"";"";
"R1";"10k";"R-US_R0603";"R0603";"RESISTOR, American symbol";"";"";"";"";"";"";"";"";"";"";"";"";"";"";"";"";"";"";"";"";"";"77";"";"";"";"";"";"R";"";"";"";
"R2";"20k";"R-US_R0603";"R0603";"RESISTOR, American symbol";"";"";"";"";"";"";"";"";"";"";"";"";"";"";"";"";"";"";"";"";"";"77";"";"";"";"";"";"R";"";"";"";
"R3";"20k";"R-US_R0603";"R0603";"RESISTOR, American symbol";"";"";"";"";"";"";"";"";"";"";"";"";"";"";"";"";"";"";"";"";"";"77";"";"";"";"";"";"R";"";"";"";
"R4";"0";"R-US_R0603";"R0603";"RESISTOR, American symbol";"";"";"";"";"";"";"";"";"";"";"";"";"";"";"";"";"";"";"";"";"";"77";"";"";"";"";"";"R";"";"";"";
"R5";"0";"R-US_R0603";"R0603";"RESISTOR, American symbol";"";"";"";"";"";"";"";"";"";"";"";"";"";"";"";"";"";"";"";"";"";"77";"";"";"";"";"";"R";"";"";"";
"R6";"1k";"R-US_R0603";"R0603";"RESISTOR, American symbol";"";"";"";"";"";"";"";"";"";"";"";"";"";"";"";"";"";"";"";"";"";"77";"";"";"";"";"";"R";"";"";"";
"R7";"0";"R-US_R0603";"R0603";"RESISTOR, American symbol";"";"";"";"";"";"";"";"";"";"";"";"";"";"";"";"";"";"";"";"";"";"77";"";"";"";"";"";"R";"";"";"";
"R8";"499";"R-US_R0603";"R0603";"RESISTOR, American symbol";"";"";"";"";"";"";"";"";"";"";"";"";"";"";"";"";"";"";"";"";"";"77";"";"";"";"";"";"R";"";"";"";
"R9";"499";"R-US_R0603";"R0603";"RESISTOR, American symbol";"";"";"";"";"";"";"";"";"";"";"";"";"";"";"";"";"";"";"";"";"";"77";"";"";"";"";"";"R";"";"";"";
"R10";"499";"R-US_R0603";"R0603";"RESISTOR, American symbol";"";"";"";"";"";"";"";"";"";"";"";"";"";"";"";"";"";"";"";"";"";"77";"";"";"";"";"";"R";"";"";"";
"R11";"499";"R-US_R0603";"R0603";"RESISTOR, American symbol";"";"";"";"";"";"";"";"";"";"";"";"";"";"";"";"";"";"";"";"";"";"77";"";"";"";"";"";"R";"";"";"";
"R12";"100";"R-US_R0603";"R0603";"RESISTOR, American symbol";"";"";"";"";"";"";"";"";"";"";"";"";"";"";"";"";"";"";"";"";"";"77";"";"";"";"";"";"R";"";"";"";
"R13";"100";"R-US_R0603";"R0603";"RESISTOR, American symbol";"";"";"";"";"";"";"";"";"";"";"";"";"";"";"";"";"";"";"";"";"";"77";"";"";"";"";"";"R";"";"";"";
"R14";"1k";"R-US_R0603";"R0603";"RESISTOR, American symbol";"";"";"";"";"";"";"";"";"";"";"";"";"";"";"";"";"";"";"";"";"";"77";"";"";"";"";"";"R";"";"";"";
"R15";"DNP";"R-US_R0603";"R0603";"RESISTOR, American symbol";"";"";"";"";"";"";"";"";"";"";"";"";"";"";"";"";"";"";"";"";"";"77";"";"";"";"";"";"R";"";"";"";
"R16";"0";"R-US_R0603";"R0603";"RESISTOR, American symbol";"";"";"";"";"";"";"";"";"";"";"";"";"";"";"";"";"";"";"";"";"";"77";"";"";"";"";"";"R";"";"";"";
"R17";"0";"R-US_R0603";"R0603";"RESISTOR, American symbol";"";"";"";"";"";"";"";"";"";"";"";"";"";"";"";"";"";"";"";"";"";"77";"";"";"";"";"";"R";"";"";"";
"R18";"DNP";"R-US_R0603";"R0603";"RESISTOR, American symbol";"";"";"";"";"";"";"";"";"";"";"";"";"";"";"";"";"";"";"";"";"";"77";"";"";"";"";"";"R";"";"";"";
"R19";"33";"R-US_R0603";"R0603";"RESISTOR, American symbol";"";"";"";"";"";"";"";"";"";"";"";"";"";"";"";"";"";"";"";"";"";"77";"";"";"";"";"";"R";"";"";"";
"R20";"33";"R-US_R0603";"R0603";"RESISTOR, American symbol";"";"";"";"";"";"";"";"";"";"";"";"";"";"";"";"";"";"";"";"";"";"77";"";"";"";"";"";"R";"";"";"";
"R21";"2k";"R-US_R0603";"R0603";"RESISTOR, American symbol";"";"";"";"";"";"";"";"";"";"";"";"";"";"";"";"";"";"";"";"";"";"77";"";"";"";"";"";"R";"";"";"";
"R22";"1k";"R-US_R0603";"R0603";"RESISTOR, American symbol";"";"";"";"";"";"";"";"";"";"";"";"";"";"";"";"";"";"";"";"";"";"77";"";"";"";"";"";"R";"";"";"";
"R23";"DNP";"R-US_R0603";"R0603";"RESISTOR, American symbol";"";"";"";"";"";"";"";"";"";"";"";"";"";"";"";"";"";"";"";"";"";"77";"";"";"";"";"";"R";"";"";"";
"R24";"0";"R-US_R0603";"R0603";"RESISTOR, American symbol";"";"";"";"";"";"";"";"";"";"";"";"";"";"";"";"";"";"";"";"";"";"77";"";"";"";"";"";"R";"";"";"";
"R25";"21.5k";"R-US_R0603";"R0603";"RESISTOR, American symbol";"";"";"";"";"";"";"";"";"";"";"";"";"";"";"";"";"";"";"";"";"";"77";"";"";"";"";"";"R";"";"";"";
"R26";"10.2k";"R-US_R0603";"R0603";"RESISTOR, American symbol";"";"";"";"";"";"";"";"";"";"";"";"";"";"";"";"";"";"";"";"";"";"77";"";"";"";"";"";"R";"";"";"";
"R27";"2.26k";"R-US_R0603";"R0603";"RESISTOR, American symbol";"";"";"";"";"";"";"";"";"";"";"";"";"";"";"";"";"";"";"";"";"";"77";"";"";"";"";"";"R";"";"";"";
"R28";"10.5k";"R-US_R0603";"R0603";"RESISTOR, American symbol";"";"";"";"";"";"";"";"";"";"";"";"";"";"";"";"";"";"";"";"";"";"77";"";"";"";"";"";"R";"";"";"";
"R29";"240";"R-US_R0603";"R0603";"RESISTOR, American symbol";"";"";"";"";"";"";"";"";"";"";"";"";"";"";"";"";"";"";"";"";"";"77";"";"";"";"";"";"R";"";"";"";
"R30";"2.61k";"R-US_R0603";"R0603";"RESISTOR, American symbol";"";"";"";"";"";"";"";"";"";"";"";"";"";"";"";"";"";"";"";"";"";"77";"";"";"";"";"";"R";"";"";"";
"R31";"240";"R-US_R0603";"R0603";"RESISTOR, American symbol";"";"";"";"";"";"";"";"";"";"";"";"";"";"";"";"";"";"";"";"";"";"77";"";"";"";"";"";"R";"";"";"";
"R32";"2.67k";"R-US_R0603";"R0603";"RESISTOR, American symbol";"";"";"";"";"";"";"";"";"";"";"";"";"";"";"";"";"";"";"";"";"";"77";"";"";"";"";"";"R";"";"";"";
"R33";"4.7k";"R-US_R0603";"R0603";"RESISTOR, American symbol";"";"";"";"";"";"";"";"";"";"";"";"";"";"";"";"";"";"";"";"";"";"77";"";"";"";"";"";"R";"";"";"";
"R34";"4.7k";"R-US_R0603";"R0603";"RESISTOR, American symbol";"";"";"";"";"";"";"";"";"";"";"";"";"";"";"";"";"";"";"";"";"";"77";"";"";"";"";"";"R";"";"";"";
"R35";"100k";"R-US_R0603";"R0603";"RESISTOR, American symbol";"";"";"";"";"";"";"";"";"";"";"";"";"";"";"";"";"";"";"";"";"";"77";"";"";"";"";"";"R";"";"";"";
"R36";"100k";"R-US_R0603";"R0603";"RESISTOR, American symbol";"";"";"";"";"";"";"";"";"";"";"";"";"";"";"";"";"";"";"";"";"";"77";"";"";"";"";"";"R";"";"";"";
"R37";"DNP";"R-US_R0603";"R0603";"RESISTOR, American symbol";"";"";"";"";"";"";"";"";"";"";"";"";"";"";"";"";"";"";"";"";"";"77";"";"";"";"";"";"R";"";"";"";
"R38";"10k";"R-US_R0603";"R0603";"RESISTOR, American symbol";"";"";"";"";"";"";"";"";"";"";"";"";"";"";"";"";"";"";"";"";"";"77";"";"";"";"";"";"R";"";"";"";
"R39";"DNP";"R-US_R0603";"R0603";"RESISTOR, American symbol";"";"";"";"";"";"";"";"";"";"";"";"";"";"";"";"";"";"";"";"";"";"77";"";"";"";"";"";"R";"";"";"";
"R40";"10k";"R-US_R0603";"R0603";"RESISTOR, American symbol";"";"";"";"";"";"";"";"";"";"";"";"";"";"";"";"";"";"";"";"";"";"77";"";"";"";"";"";"R";"";"";"";
"R41";"240";"R-US_R0603";"R0603";"RESISTOR, American symbol";"";"";"";"";"";"";"";"";"";"";"";"";"";"";"";"";"";"";"";"";"";"77";"";"";"";"";"";"R";"";"";"";
"R42";"1k";"R-US_R0603";"R0603";"RESISTOR, American symbol";"";"";"";"";"";"";"";"";"";"";"";"";"";"";"";"";"";"";"";"";"";"77";"";"";"";"";"";"R";"";"";"";
"R43";"20k";"R-US_R0603";"R0603";"RESISTOR, American symbol";"";"";"";"";"";"";"";"";"";"";"";"";"";"";"";"";"";"";"";"";"";"77";"";"";"";"";"";"R";"";"";"";
"R44";"1k";"R-US_R0603";"R0603";"RESISTOR, American symbol";"";"";"";"";"";"";"";"";"";"";"";"";"";"";"";"";"";"";"";"";"";"77";"";"";"";"";"";"R";"";"";"";
"R45";"20k";"R-US_R0603";"R0603";"RESISTOR, American symbol";"";"";"";"";"";"";"";"";"";"";"";"";"";"";"";"";"";"";"";"";"";"77";"";"";"";"";"";"R";"";"";"";
"R46";"1k";"R-US_R0603";"R0603";"RESISTOR, American symbol";"";"";"";"";"";"";"";"";"";"";"";"";"";"";"";"";"";"";"";"";"";"77";"";"";"";"";"";"R";"";"";"";
"R47";"0";"R-US_R0603";"R0603";"RESISTOR, American symbol";"";"";"";"";"";"";"";"";"";"";"";"";"";"";"";"";"";"";"";"";"";"77";"";"";"";"";"";"R";"";"";"";
"R48";"0";"R-US_R0603";"R0603";"RESISTOR, American symbol";"";"";"";"";"";"";"";"";"";"";"";"";"";"";"";"";"";"";"";"";"";"77";"";"";"";"";"";"R";"";"";"";
"R50";"100k";"R-US_R0603";"R0603";"RESISTOR, American symbol";"";"";"";"";"";"";"";"";"";"";"";"";"";"";"";"";"";"";"";"";"";"77";"";"";"";"";"";"R";"";"";"";
"R51";"DNP";"R-US_R0603";"R0603";"RESISTOR, American symbol";"";"";"";"";"";"";"";"";"";"";"";"";"";"";"";"";"";"";"";"";"";"77";"";"";"";"";"";"R";"";"";"";
"R52";"10k";"R-US_R0603";"R0603";"RESISTOR, American symbol";"";"";"";"";"";"";"";"";"";"";"";"";"";"";"";"";"";"";"";"";"";"77";"";"";"";"";"";"R";"";"";"";
"R53";"499";"R-US_R0603";"R0603";"RESISTOR, American symbol";"";"";"";"";"";"";"";"";"";"";"";"";"";"";"";"";"";"";"";"";"";"77";"";"";"";"";"";"R";"";"";"";
"R54";"499";"R-US_R0603";"R0603";"RESISTOR, American symbol";"";"";"";"";"";"";"";"";"";"";"";"";"";"";"";"";"";"";"";"";"";"77";"";"";"";"";"";"R";"";"";"";
"R55";"499";"R-US_R0603";"R0603";"RESISTOR, American symbol";"";"";"";"";"";"";"";"";"";"";"";"";"";"";"";"";"";"";"";"";"";"77";"";"";"";"";"";"R";"";"";"";
"R56";"499";"R-US_R0603";"R0603";"RESISTOR, American symbol";"";"";"";"";"";"";"";"";"";"";"";"";"";"";"";"";"";"";"";"";"";"77";"";"";"";"";"";"R";"";"";"";
"R57";"100";"R-US_R0603";"R0603";"RESISTOR, American symbol";"";"";"";"";"";"";"";"";"";"";"";"";"";"";"";"";"";"";"";"";"";"77";"";"";"";"";"";"R";"";"";"";
"R58";"100";"R-US_R0603";"R0603";"RESISTOR, American symbol";"";"";"";"";"";"";"";"";"";"";"";"";"";"";"";"";"";"";"";"";"";"77";"";"";"";"";"";"R";"";"";"";
"R59";"DNP";"R-US_R0603";"R0603";"RESISTOR, American symbol";"";"";"";"";"";"";"";"";"";"";"";"";"";"";"";"";"";"";"";"";"";"77";"";"";"";"";"";"R";"";"";"";
"R60";"0";"R-US_R0603";"R0603";"RESISTOR, American symbol";"";"";"";"";"";"";"";"";"";"";"";"";"";"";"";"";"";"";"";"";"";"77";"";"";"";"";"";"R";"";"";"";
"R61";"0";"R-US_R0603";"R0603";"RESISTOR, American symbol";"";"";"";"";"";"";"";"";"";"";"";"";"";"";"";"";"";"";"";"";"";"77";"";"";"";"";"";"R";"";"";"";
"R62";"DNP";"R-US_R0603";"R0603";"RESISTOR, American symbol";"";"";"";"";"";"";"";"";"";"";"";"";"";"";"";"";"";"";"";"";"";"77";"";"";"";"";"";"R";"";"";"";
"R63";"33";"R-US_R0603";"R0603";"RESISTOR, American symbol";"";"";"";"";"";"";"";"";"";"";"";"";"";"";"";"";"";"";"";"";"";"77";"";"";"";"";"";"R";"";"";"";
"R64";"33";"R-US_R0603";"R0603";"RESISTOR, American symbol";"";"";"";"";"";"";"";"";"";"";"";"";"";"";"";"";"";"";"";"";"";"77";"";"";"";"";"";"R";"";"";"";
"R65";"0";"R-US_R0603";"R0603";"RESISTOR, American symbol";"";"";"";"";"";"";"";"";"";"";"";"";"";"";"";"";"";"";"";"";"";"77";"";"";"";"";"";"R";"";"";"";
"R66";"20k";"R-US_R0603";"R0603";"RESISTOR, American symbol";"";"";"";"";"";"";"";"";"";"";"";"";"";"";"";"";"";"";"";"";"";"77";"";"";"";"";"";"R";"";"";"";
"R67";"1k";"R-US_R0603";"R0603";"RESISTOR, American symbol";"";"";"";"";"";"";"";"";"";"";"";"";"";"";"";"";"";"";"";"";"";"77";"";"";"";"";"";"R";"";"";"";
"R68";"20k";"R-US_R0603";"R0603";"RESISTOR, American symbol";"";"";"";"";"";"";"";"";"";"";"";"";"";"";"";"";"";"";"";"";"";"77";"";"";"";"";"";"R";"";"";"";
"R69";"1k";"R-US_R0603";"R0603";"RESISTOR, American symbol";"";"";"";"";"";"";"";"";"";"";"";"";"";"";"";"";"";"";"";"";"";"77";"";"";"";"";"";"R";"";"";"";
"R70";"0";"R-US_R0603";"R0603";"RESISTOR, American symbol";"";"";"";"";"";"";"";"";"";"";"";"";"";"";"";"";"";"";"";"";"";"77";"";"";"";"";"";"R";"";"";"";
"R71";"0";"R-US_R0603";"R0603";"RESISTOR, American symbol";"";"";"";"";"";"";"";"";"";"";"";"";"";"";"";"";"";"";"";"";"";"77";"";"";"";"";"";"R";"";"";"";
"R72";"20k";"R-US_R0603";"R0603";"RESISTOR, American symbol";"";"";"";"";"";"";"";"";"";"";"";"";"";"";"";"";"";"";"";"";"";"77";"";"";"";"";"";"R";"";"";"";
"R73";"1k";"R-US_R0603";"R0603";"RESISTOR, American symbol";"";"";"";"";"";"";"";"";"";"";"";"";"";"";"";"";"";"";"";"";"";"77";"";"";"";"";"";"R";"";"";"";
"R74";"20k";"R-US_R0603";"R0603";"RESISTOR, American symbol";"";"";"";"";"";"";"";"";"";"";"";"";"";"";"";"";"";"";"";"";"";"77";"";"";"";"";"";"R";"";"";"";
"R75";"1k";"R-US_R0603";"R0603";"RESISTOR, American symbol";"";"";"";"";"";"";"";"";"";"";"";"";"";"";"";"";"";"";"";"";"";"77";"";"";"";"";"";"R";"";"";"";
"R76";"0";"R-US_R0603";"R0603";"RESISTOR, American symbol";"";"";"";"";"";"";"";"";"";"";"";"";"";"";"";"";"";"";"";"";"";"77";"";"";"";"";"";"R";"";"";"";
"R77";"0";"R-US_R0603";"R0603";"RESISTOR, American symbol";"";"";"";"";"";"";"";"";"";"";"";"";"";"";"";"";"";"";"";"";"";"77";"";"";"";"";"";"R";"";"";"";
"R78";"499";"R-US_R0603";"R0603";"RESISTOR, American symbol";"";"";"";"";"";"";"";"";"";"";"";"";"";"";"";"";"";"";"";"";"";"77";"";"";"";"";"";"R";"";"";"";
"R79";"499";"R-US_R0603";"R0603";"RESISTOR, American symbol";"";"";"";"";"";"";"";"";"";"";"";"";"";"";"";"";"";"";"";"";"";"77";"";"";"";"";"";"R";"";"";"";
"R80";"499";"R-US_R0603";"R0603";"RESISTOR, American symbol";"";"";"";"";"";"";"";"";"";"";"";"";"";"";"";"";"";"";"";"";"";"77";"";"";"";"";"";"R";"";"";"";
"R81";"499";"R-US_R0603";"R0603";"RESISTOR, American symbol";"";"";"";"";"";"";"";"";"";"";"";"";"";"";"";"";"";"";"";"";"";"77";"";"";"";"";"";"R";"";"";"";
"R82";"100";"R-US_R0603";"R0603";"RESISTOR, American symbol";"";"";"";"";"";"";"";"";"";"";"";"";"";"";"";"";"";"";"";"";"";"77";"";"";"";"";"";"R";"";"";"";
"R83";"100";"R-US_R0603";"R0603";"RESISTOR, American symbol";"";"";"";"";"";"";"";"";"";"";"";"";"";"";"";"";"";"";"";"";"";"77";"";"";"";"";"";"R";"";"";"";
"R84";"DNP";"R-US_R0603";"R0603";"RESISTOR, American symbol";"";"";"";"";"";"";"";"";"";"";"";"";"";"";"";"";"";"";"";"";"";"77";"";"";"";"";"";"R";"";"";"";
"R85";"DNI";"R-US_R0603";"R0603";"RESISTOR, American symbol";"";"";"";"";"";"";"";"";"";"";"";"";"";"";"";"";"";"";"";"";"";"77";"";"";"";"";"";"R";"";"";"";
"R86";"DNI";"R-US_R0603";"R0603";"RESISTOR, American symbol";"";"";"";"";"";"";"";"";"";"";"";"";"";"";"";"";"";"";"";"";"";"77";"";"";"";"";"";"R";"";"";"";
"R87";"DNP";"R-US_R0603";"R0603";"RESISTOR, American symbol";"";"";"";"";"";"";"";"";"";"";"";"";"";"";"";"";"";"";"";"";"";"77";"";"";"";"";"";"R";"";"";"";
"R88";"33";"R-US_R0603";"R0603";"RESISTOR, American symbol";"";"";"";"";"";"";"";"";"";"";"";"";"";"";"";"";"";"";"";"";"";"77";"";"";"";"";"";"R";"";"";"";
"R89";"33";"R-US_R0603";"R0603";"RESISTOR, American symbol";"";"";"";"";"";"";"";"";"";"";"";"";"";"";"";"";"";"";"";"";"";"77";"";"";"";"";"";"R";"";"";"";
"R90";"499";"R-US_R0603";"R0603";"RESISTOR, American symbol";"";"";"";"";"";"";"";"";"";"";"";"";"";"";"";"";"";"";"";"";"";"77";"";"";"";"";"";"R";"";"";"";
"R91";"499";"R-US_R0603";"R0603";"RESISTOR, American symbol";"";"";"";"";"";"";"";"";"";"";"";"";"";"";"";"";"";"";"";"";"";"77";"";"";"";"";"";"R";"";"";"";
"R92";"499";"R-US_R0603";"R0603";"RESISTOR, American symbol";"";"";"";"";"";"";"";"";"";"";"";"";"";"";"";"";"";"";"";"";"";"77";"";"";"";"";"";"R";"";"";"";
"R93";"499";"R-US_R0603";"R0603";"RESISTOR, American symbol";"";"";"";"";"";"";"";"";"";"";"";"";"";"";"";"";"";"";"";"";"";"77";"";"";"";"";"";"R";"";"";"";
"R94";"100";"R-US_R0603";"R0603";"RESISTOR, American symbol";"";"";"";"";"";"";"";"";"";"";"";"";"";"";"";"";"";"";"";"";"";"77";"";"";"";"";"";"R";"";"";"";
"R95";"100";"R-US_R0603";"R0603";"RESISTOR, American symbol";"";"";"";"";"";"";"";"";"";"";"";"";"";"";"";"";"";"";"";"";"";"77";"";"";"";"";"";"R";"";"";"";
"R96";"DNP";"R-US_R0603";"R0603";"RESISTOR, American symbol";"";"";"";"";"";"";"";"";"";"";"";"";"";"";"";"";"";"";"";"";"";"77";"";"";"";"";"";"R";"";"";"";
"R97";"DNI";"R-US_R0603";"R0603";"RESISTOR, American symbol";"";"";"";"";"";"";"";"";"";"";"";"";"";"";"";"";"";"";"";"";"";"77";"";"";"";"";"";"R";"";"";"";
"R98";"DNI";"R-US_R0603";"R0603";"RESISTOR, American symbol";"";"";"";"";"";"";"";"";"";"";"";"";"";"";"";"";"";"";"";"";"";"77";"";"";"";"";"";"R";"";"";"";
"R99";"DNP";"R-US_R0603";"R0603";"RESISTOR, American symbol";"";"";"";"";"";"";"";"";"";"";"";"";"";"";"";"";"";"";"";"";"";"77";"";"";"";"";"";"R";"";"";"";
"R100";"33";"R-US_R0603";"R0603";"RESISTOR, American symbol";"";"";"";"";"";"";"";"";"";"";"";"";"";"";"";"";"";"";"";"";"";"77";"";"";"";"";"";"R";"";"";"";
"R101";"33";"R-US_R0603";"R0603";"RESISTOR, American symbol";"";"";"";"";"";"";"";"";"";"";"";"";"";"";"";"";"";"";"";"";"";"77";"";"";"";"";"";"R";"";"";"";
"R102";"0";"R-US_R0603";"R0603";"RESISTOR, American symbol";"";"";"";"";"";"";"";"";"";"";"";"";"";"";"";"";"";"";"";"";"";"77";"";"";"";"";"";"R";"";"";"";
"R103";"0";"R-US_R0603";"R0603";"RESISTOR, American symbol";"";"";"";"";"";"";"";"";"";"";"";"";"";"";"";"";"";"";"";"";"";"77";"";"";"";"";"";"R";"";"";"";
"R104";"10k";"R-US_R0603";"R0603";"RESISTOR, American symbol";"";"";"";"";"";"";"";"";"";"";"";"";"";"";"";"";"";"";"";"";"";"77";"";"";"";"";"";"R";"";"";"";
"R105";"20k";"R-US_R0603";"R0603";"RESISTOR, American symbol";"";"";"";"";"";"";"";"";"";"";"";"";"";"";"";"";"";"";"";"";"";"77";"";"";"";"";"";"R";"";"";"";
"R106";"20k";"R-US_R0603";"R0603";"RESISTOR, American symbol";"";"";"";"";"";"";"";"";"";"";"";"";"";"";"";"";"";"";"";"";"";"77";"";"";"";"";"";"R";"";"";"";
"R107";"0";"R-US_R0603";"R0603";"RESISTOR, American symbol";"";"";"";"";"";"";"";"";"";"";"";"";"";"";"";"";"";"";"";"";"";"77";"";"";"";"";"";"R";"";"";"";
"R108";"1k";"R-US_R0603";"R0603";"RESISTOR, American symbol";"";"";"";"";"";"";"";"";"";"";"";"";"";"";"";"";"";"";"";"";"";"77";"";"";"";"";"";"R";"";"";"";
"R109";"1k";"R-US_R0603";"R0603";"RESISTOR, American symbol";"";"";"";"";"";"";"";"";"";"";"";"";"";"";"";"";"";"";"";"";"";"77";"";"";"";"";"";"R";"";"";"";
"R110";"2k";"R-US_R0603";"R0603";"RESISTOR, American symbol";"";"";"";"";"";"";"";"";"";"";"";"";"";"";"";"";"";"";"";"";"";"77";"";"";"";"";"";"R";"";"";"";
"R111";"1k";"R-US_R0603";"R0603";"RESISTOR, American symbol";"";"";"";"";"";"";"";"";"";"";"";"";"";"";"";"";"";"";"";"";"";"77";"";"";"";"";"";"R";"";"";"";
"R112";"0";"R-US_R0603";"R0603";"RESISTOR, American symbol";"";"";"";"";"";"";"";"";"";"";"";"";"";"";"";"";"";"";"";"";"";"77";"";"";"";"";"";"R";"";"";"";
"R113";"0";"R-US_R0603";"R0603";"RESISTOR, American symbol";"";"";"";"";"";"";"";"";"";"";"";"";"";"";"";"";"";"";"";"";"";"77";"";"";"";"";"";"R";"";"";"";
"R114";"10k";"R-US_R0603";"R0603";"RESISTOR, American symbol";"";"";"";"";"";"";"";"";"";"";"";"";"";"";"";"";"";"";"";"";"";"77";"";"";"";"";"";"R";"";"";"";
"R115";"20k";"R-US_R0603";"R0603";"RESISTOR, American symbol";"";"";"";"";"";"";"";"";"";"";"";"";"";"";"";"";"";"";"";"";"";"77";"";"";"";"";"";"R";"";"";"";
"R116";"20k";"R-US_R0603";"R0603";"RESISTOR, American symbol";"";"";"";"";"";"";"";"";"";"";"";"";"";"";"";"";"";"";"";"";"";"77";"";"";"";"";"";"R";"";"";"";
"R117";"0";"R-US_R0603";"R0603";"RESISTOR, American symbol";"";"";"";"";"";"";"";"";"";"";"";"";"";"";"";"";"";"";"";"";"";"77";"";"";"";"";"";"R";"";"";"";
"R118";"1k";"R-US_R0603";"R0603";"RESISTOR, American symbol";"";"";"";"";"";"";"";"";"";"";"";"";"";"";"";"";"";"";"";"";"";"77";"";"";"";"";"";"R";"";"";"";
"R119";"1k";"R-US_R0603";"R0603";"RESISTOR, American symbol";"";"";"";"";"";"";"";"";"";"";"";"";"";"";"";"";"";"";"";"";"";"77";"";"";"";"";"";"R";"";"";"";
"R120";"2k";"R-US_R0603";"R0603";"RESISTOR, American symbol";"";"";"";"";"";"";"";"";"";"";"";"";"";"";"";"";"";"";"";"";"";"77";"";"";"";"";"";"R";"";"";"";
"R121";"1k";"R-US_R0603";"R0603";"RESISTOR, American symbol";"";"";"";"";"";"";"";"";"";"";"";"";"";"";"";"";"";"";"";"";"";"77";"";"";"";"";"";"R";"";"";"";
"R122";"0";"R-US_R0603";"R0603";"RESISTOR, American symbol";"";"";"";"";"";"";"";"";"";"";"";"";"";"";"";"";"";"";"";"";"";"77";"";"";"";"";"";"R";"";"";"";
"R123";"0";"R-US_R0603";"R0603";"RESISTOR, American symbol";"";"";"";"";"";"";"";"";"";"";"";"";"";"";"";"";"";"";"";"";"";"77";"";"";"";"";"";"R";"";"";"";
"R124";"10k";"R-US_R0603";"R0603";"RESISTOR, American symbol";"";"";"";"";"";"";"";"";"";"";"";"";"";"";"";"";"";"";"";"";"";"77";"";"";"";"";"";"R";"";"";"";
"R125";"20k";"R-US_R0603";"R0603";"RESISTOR, American symbol";"";"";"";"";"";"";"";"";"";"";"";"";"";"";"";"";"";"";"";"";"";"77";"";"";"";"";"";"R";"";"";"";
"R126";"20k";"R-US_R0603";"R0603";"RESISTOR, American symbol";"";"";"";"";"";"";"";"";"";"";"";"";"";"";"";"";"";"";"";"";"";"77";"";"";"";"";"";"R";"";"";"";
"R127";"0";"R-US_R0603";"R0603";"RESISTOR, American symbol";"";"";"";"";"";"";"";"";"";"";"";"";"";"";"";"";"";"";"";"";"";"77";"";"";"";"";"";"R";"";"";"";
"R128";"1k";"R-US_R0603";"R0603";"RESISTOR, American symbol";"";"";"";"";"";"";"";"";"";"";"";"";"";"";"";"";"";"";"";"";"";"77";"";"";"";"";"";"R";"";"";"";
"R129";"1k";"R-US_R0603";"R0603";"RESISTOR, American symbol";"";"";"";"";"";"";"";"";"";"";"";"";"";"";"";"";"";"";"";"";"";"77";"";"";"";"";"";"R";"";"";"";
"R130";"2k";"R-US_R0603";"R0603";"RESISTOR, American symbol";"";"";"";"";"";"";"";"";"";"";"";"";"";"";"";"";"";"";"";"";"";"77";"";"";"";"";"";"R";"";"";"";
"R131";"1k";"R-US_R0603";"R0603";"RESISTOR, American symbol";"";"";"";"";"";"";"";"";"";"";"";"";"";"";"";"";"";"";"";"";"";"77";"";"";"";"";"";"R";"";"";"";
"R132";"50m";"R-US_R0603";"R0603";"RESISTOR, American symbol";"";"";"";"";"";"";"";"";"";"";"";"";"";"";"";"";"";"";"";"";"";"77";"";"";"";"";"";"R";"";"";"";
"R133";"20m";"R-US_R0603";"R0603";"RESISTOR, American symbol";"";"";"";"";"";"";"";"";"";"";"";"";"";"";"";"";"";"";"";"";"";"77";"";"";"";"";"";"R";"";"";"";
"R134";"33";"R-US_R0603";"R0603";"RESISTOR, American symbol";"";"";"";"";"";"";"";"";"";"";"";"";"";"";"";"";"";"";"";"";"";"77";"";"";"";"";"";"R";"";"";"";
"R135";"33";"R-US_R0603";"R0603";"RESISTOR, American symbol";"";"";"";"";"";"";"";"";"";"";"";"";"";"";"";"";"";"";"";"";"";"77";"";"";"";"";"";"R";"";"";"";
"R136";"33";"R-US_R0603";"R0603";"RESISTOR, American symbol";"";"";"";"";"";"";"";"";"";"";"";"";"";"";"";"";"";"";"";"";"";"77";"";"";"";"";"";"R";"";"";"";
"R137";"33";"R-US_R0603";"R0603";"RESISTOR, American symbol";"";"";"";"";"";"";"";"";"";"";"";"";"";"";"";"";"";"";"";"";"";"77";"";"";"";"";"";"R";"";"";"";
"R139";"33";"R-US_R0603";"R0603";"RESISTOR, American symbol";"";"";"";"";"";"";"";"";"";"";"";"";"";"";"";"";"";"";"";"";"";"77";"";"";"";"";"";"R";"";"";"";
"R140";"33";"R-US_R0603";"R0603";"RESISTOR, American symbol";"";"";"";"";"";"";"";"";"";"";"";"";"";"";"";"";"";"";"";"";"";"77";"";"";"";"";"";"R";"";"";"";
"R141";"33";"R-US_R0603";"R0603";"RESISTOR, American symbol";"";"";"";"";"";"";"";"";"";"";"";"";"";"";"";"";"";"";"";"";"";"77";"";"";"";"";"";"R";"";"";"";
"R142";"33";"R-US_R0603";"R0603";"RESISTOR, American symbol";"";"";"";"";"";"";"";"";"";"";"";"";"";"";"";"";"";"";"";"";"";"77";"";"";"";"";"";"R";"";"";"";
"R143";"33";"R-US_R0603";"R0603";"RESISTOR, American symbol";"";"";"";"";"";"";"";"";"";"";"";"";"";"";"";"";"";"";"";"";"";"77";"";"";"";"";"";"R";"";"";"";
"R144";"33";"R-US_R0603";"R0603";"RESISTOR, American symbol";"";"";"";"";"";"";"";"";"";"";"";"";"";"";"";"";"";"";"";"";"";"77";"";"";"";"";"";"R";"";"";"";
"R145";"33";"R-US_R0603";"R0603";"RESISTOR, American symbol";"";"";"";"";"";"";"";"";"";"";"";"";"";"";"";"";"";"";"";"";"";"77";"";"";"";"";"";"R";"";"";"";
"R146";"33";"R-US_R0603";"R0603";"RESISTOR, American symbol";"";"";"";"";"";"";"";"";"";"";"";"";"";"";"";"";"";"";"";"";"";"77";"";"";"";"";"";"R";"";"";"";
"R147";"33";"R-US_R0603";"R0603";"RESISTOR, American symbol";"";"";"";"";"";"";"";"";"";"";"";"";"";"";"";"";"";"";"";"";"";"77";"";"";"";"";"";"R";"";"";"";
"R148";"33";"R-US_R0603";"R0603";"RESISTOR, American symbol";"";"";"";"";"";"";"";"";"";"";"";"";"";"";"";"";"";"";"";"";"";"77";"";"";"";"";"";"R";"";"";"";
"R149";"33";"R-US_R0603";"R0603";"RESISTOR, American symbol";"";"";"";"";"";"";"";"";"";"";"";"";"";"";"";"";"";"";"";"";"";"77";"";"";"";"";"";"R";"";"";"";
"R150";"33";"R-US_R0603";"R0603";"RESISTOR, American symbol";"";"";"";"";"";"";"";"";"";"";"";"";"";"";"";"";"";"";"";"";"";"77";"";"";"";"";"";"R";"";"";"";
"R153";"4.7k";"R-US_R0603";"R0603";"RESISTOR, American symbol";"";"";"";"";"";"";"";"";"";"";"";"";"";"";"";"";"";"";"";"";"";"77";"";"";"";"";"";"R";"";"";"";
"R154";"4.7k";"R-US_R0603";"R0603";"RESISTOR, American symbol";"";"";"";"";"";"";"";"";"";"";"";"";"";"";"";"";"";"";"";"";"";"77";"";"";"";"";"";"R";"";"";"";
"U$1";"0532611471_PICOBLADE";"0532611471_PICOBLADE";"MOLEX_0532611471";"";"";"";"";"";"";"";"";"";"";"";"";"";"";"";"";"";"";"";"";"";"";"";"";"";"";"";"";"";"";"";"";
"U1";"AD7960BCPZ-RL7";"AD7960BCPZ-RL7";"CP_32_7";"";"";"";"";"";"";"";"";"";"";"";"AD7960BCPZRL7";"";"";"";"";"";"";"";"";"";"";"";"";"";"";"";"";"";"";"";"Analog Devices Inc";
"U2";"AD5453";"AD5453YRMZ-REEL7";"RM_8";"";"";"";"";"EMA_UL_Team";"";"";"";"";"";"";"AD5453YRMZ-REEL7";"";"";"";"";"";"";"";"";"";"";"";"";"";"";"";"";"";"";"";"Analog Devices Inc";
"U3";"ADA4932-1YCPZ-R7";"ADA4932-1YCPZ-R7";"CP_16_2";"";"";"";"";"";"";"";"";"";"";"";"ADA49321YCPZR7";"";"";"";"";"";"";"";"";"";"";"";"";"";"";"";"";"";"";"";"Analog Devices Inc";
"U5";"NLSX3018DTR2G";"NLSX3018DTR2G";"TSSOP20_4P50X6P60_ONS";"";"";"";"";"";"";"Copyright (C) 2016 Accelerated Designs. All rights reserved";"";"";"";"";"NLSX3018DTR2G";"";"";"";"";"";"";"";"";"";"";"";"";"";"";"";"ONSemi_2017-12-12_5";"";"";"";"ON Semiconductor";
"U6";"ADS7952SRHBT";"ADS7952SRHBT";"RHB32_2P7X2P7_TEX";"";"";"";"";"EMA_Jessica";"";"Copyright (C) 2018 Accelerated Designs. All rights reserved";"";"";"";"";"ADS7952SRHBT";"";"";"";"";"";"";"";"";"";"";"";"";"";"";"";"TI_2019-03-25_2";"";"";"";"Texas Instruments";
"U7";"OPA202";"OPA192IDBVR";"DBV0005A_N";"";"OPA192IDBVT";"*";"";"";"IC";"";"";"";"";"Texas Instruments";"";"";"SMT";"";"";"";"";"";"DBV0005A";"OPA192IDBVR";"5";"";"";"";"RefDes";"Y";"";"";"TYPE";"Value";"";
"U8";"REF5025AIDR";"REF5025AIDR";"D8";"";"";"";"";"EMA_UL_Team";"";"";"";"";"";"";"REF5025AIDR";"";"";"";"";"";"";"";"";"";"";"";"";"";"";"";"";"";"";"";"Texas Instruments";
"U9";"ADP150AUJZ-3.3-R7";"ADP150AUJZ-3.3-R7";"UJ_5_ADI";"";"";"";"";"EMA_UL_Team";"";"";"";"";"";"";"ADP150AUJZ-3.3-R7";"";"";"";"";"";"";"";"";"";"";"";"";"";"";"";"Analog_2015-01-06";"";"";"";"Analog Devices Inc";
"U10";"UA78M05CDCYR";"UA78M05CDCYR";"DCY4_TEX";"";"";"";"";"EMA_UL_Team";"";"";"";"";"";"";"UA78M05CDCYR";"";"";"";"";"";"";"";"";"";"";"";"";"";"";"";"TI_2014-06-19";"";"";"";"Texas Instruments";
"U11";"LP5907MFX-1.8/NOPB";"LP5907MFX-1.8/NOPB";"DBV5_TEX";"";"";"";"";"EMA_UL_Team";"";"";"";"";"";"";"LP5907MFX-1.8/NOPB";"";"";"";"";"";"";"";"";"";"";"";"";"";"";"";"TI_2016-08-12";"";"";"";"Texas Instruments";
"U12";"ADP2300AUJZ-R7";"ADP2300AUJZ-R7";"UJ_6_ADI";"";"";"";"";"EMA_UL_Team";"";"";"";"";"";"";"ADP2300AUJZ-R7";"";"";"";"";"";"";"";"";"";"";"";"";"";"";"";"Analog_2015-01-06";"";"";"";"Analog Devices Inc";
"U13";"LM317LIPKG3";"LM317LIPKG3";"PK3_TEX";"";"";"";"";"EMA_UL_Team";"";"";"";"";"";"";"LM317LIPKG3";"";"";"";"";"";"";"";"";"";"";"";"";"";"";"";"TI_2011-11-28";"";"";"";"Texas Instruments";
"U14";"LM317LIPKG3";"LM317LIPKG3";"PK3_TEX";"";"";"";"";"EMA_UL_Team";"";"";"";"";"";"";"LM317LIPKG3";"";"";"";"";"";"";"";"";"";"";"";"";"";"";"";"TI_2011-11-28";"";"";"";"Texas Instruments";
"U15";"LM337LMX/NOPB";"LM337LMX/NOPB";"M08A_TEX";"";"";"";"";"EMA_UL_Team";"";"";"";"";"";"";"LM337LMX/NOPB";"";"";"";"";"";"";"";"";"";"";"";"";"";"";"";"National_2014-06-20";"";"";"";"Texas Instruments";
"U16";"ADR395AUJZ-REEL7";"ADR395AUJZ-REEL7";"UJ_5_ADI";"";"";"";"";"EMA_UL_Team";"";"";"";"";"";"";"ADR395AUJZ-REEL7";"";"";"";"";"";"";"";"";"";"";"";"";"";"";"";"Analog_2012-01-01_8";"";"";"";"Analog Devices Inc";
"U17";"MAX5802";"MAX5802BAUB+";"21-0061L_MXM";"";"";"";"";"";"";"";"";"";"";"";"MAX5802BAUB+";"";"";"";"";"";"";"";"";"";"";"";"";"";"";"";"Maxim_2019-02-08_1";"";"";"";"Maxim Integrated Products";
"U18";"LM337LMX/NOPB";"LM337LMX/NOPB";"M08A_TEX";"";"";"";"";"EMA_UL_Team";"";"";"";"";"";"";"LM337LMX/NOPB";"";"";"";"";"";"";"";"";"";"";"";"";"";"";"";"National_2014-06-20";"";"";"";"Texas Instruments";
"U19";"MAX6070BAUT21+T";"MAX6070BAUT21+T";"21-0058I_MXM";"";"";"";"";"EMA_UL_Team";"";"";"";"";"";"";"MAX6070BAUT21+T";"";"";"";"";"";"";"";"";"";"";"";"";"";"";"";"Maxim_2014-05-21";"";"";"";"Maxim Integrated Products";
"U20";"CD40106BM96";"CD40106BM96";"D14_TEX";"";"";"";"";"EMA_UL_Team";"";"";"";"";"";"";"CD40106BM96";"";"";"";"";"";"";"";"";"";"";"";"";"";"";"";"TI_2015-1-6";"";"";"";"Texas Instruments";
"U21";"ADA4932-1YCPZ-R7";"ADA4932-1YCPZ-R7";"CP_16_2";"";"";"";"";"";"";"";"";"";"";"";"ADA49321YCPZR7";"";"";"";"";"";"";"";"";"";"";"";"";"";"";"";"";"";"";"";"Analog Devices Inc";
"U22";"AD7960BCPZ-RL7";"AD7960BCPZ-RL7";"CP_32_7";"";"";"";"";"";"";"";"";"";"";"";"AD7960BCPZRL7";"";"";"";"";"";"";"";"";"";"";"";"";"";"";"";"";"";"";"";"Analog Devices Inc";
"U23";"BC857BS-13-F";"HN1A01FU-YLFCT";"SOT-363___(US6)_TOS";"";"";"";"";"";"";"";"";"";"";"";"";"";"";"";"";"";"";"";"";"";"";"";"";"";"";"";"";"";"";"";"";
"U24";"BC857BS-13-F";"HN1A01FU-YLFCT";"SOT-363___(US6)_TOS";"";"";"";"";"";"";"";"";"";"";"";"";"";"";"";"";"";"";"";"";"";"";"";"";"";"";"";"";"";"";"";"";
"U25";"ADA4932-1YCPZ-R7";"ADA4932-1YCPZ-R7";"CP_16_2";"";"";"";"";"";"";"";"";"";"";"";"ADA49321YCPZR7";"";"";"";"";"";"";"";"";"";"";"";"";"";"";"";"";"";"";"";"Analog Devices Inc";
"U26";"AD7960BCPZ-RL7";"AD7960BCPZ-RL7";"CP_32_7";"";"";"";"";"";"";"";"";"";"";"";"AD7960BCPZRL7";"";"";"";"";"";"";"";"";"";"";"";"";"";"";"";"";"";"";"";"Analog Devices Inc";
"U27";"ADA4932-1YCPZ-R7";"ADA4932-1YCPZ-R7";"CP_16_2";"";"";"";"";"";"";"";"";"";"";"";"ADA49321YCPZR7";"";"";"";"";"";"";"";"";"";"";"";"";"";"";"";"";"";"";"";"Analog Devices Inc";
"U28";"AD7960BCPZ-RL7";"AD7960BCPZ-RL7";"CP_32_7";"";"";"";"";"";"";"";"";"";"";"";"AD7960BCPZRL7";"";"";"";"";"";"";"";"";"";"";"";"";"";"";"";"";"";"";"";"Analog Devices Inc";
"U29";"AD5453YRMZ-REEL7";"AD5453YRMZ-REEL7";"RM_8";"";"";"";"";"EMA_UL_Team";"";"";"";"";"";"";"AD5453YRMZ-REEL7";"";"";"";"";"";"";"";"";"";"";"";"";"";"";"";"";"";"";"";"Analog Devices Inc";
"U30";"AD5453";"AD5453YRMZ-REEL7";"RM_8";"";"";"";"";"EMA_UL_Team";"";"";"";"";"";"";"AD5453YRMZ-REEL7";"";"";"";"";"";"";"";"";"";"";"";"";"";"";"";"";"";"";"";"Analog Devices Inc";
"U31";"BC857BS-13-F";"HN1A01FU-YLFCT";"SOT-363___(US6)_TOS";"";"";"";"";"";"";"";"";"";"";"";"";"";"";"";"";"";"";"";"";"";"";"";"";"";"";"";"";"";"";"";"";
"U32";"AD5453";"AD5453YRMZ-REEL7";"RM_8";"";"";"";"";"EMA_UL_Team";"";"";"";"";"";"";"AD5453YRMZ-REEL7";"";"";"";"";"";"";"";"";"";"";"";"";"";"";"";"";"";"";"";"Analog Devices Inc";
"U33";"INA199C2DCKT";"INA199C2DCKT";"DCK6_TEX";"";"";"";"";"EMA_Jessica";"";"Copyright (C) 2018 Accelerated Designs. All rights reserved";"";"";"";"";"INA199C2DCKT";"";"";"";"";"";"";"";"";"";"";"";"";"";"";"";"TI_2019-03-25_3";"";"";"";"Texas Instruments";
"U34";"INA199C2DCKT";"INA199C2DCKT";"DCK6_TEX";"";"";"";"";"EMA_Jessica";"";"Copyright (C) 2018 Accelerated Designs. All rights reserved";"";"";"";"";"INA199C2DCKT";"";"";"";"";"";"";"";"";"";"";"";"";"";"";"";"TI_2019-03-25_3";"";"";"";"Texas Instruments";
"U36";"AD8244BRMZ";"AD8244BRMZ";"RM_10_ADI";"";"";"";"";"EMA_Christopher";"";"Copyright (C) 2016 Accelerated Designs. All rights reserved";"";"";"";"";"AD8244BRMZ";"";"";"";"";"";"";"";"";"";"";"";"";"";"";"";"Analog_Devices_2018-07-13";"";"";"";"Analog Devices Inc";
"X1";"BU-SMA-G";"BU-SMA-G";"BU-SMA-G";"FEMALE SMA CONNECTOR";"";"";"";"";"";"";"";"";"";"";"";"";"";"";"";"unknown";"unknown";"";"";"";"";"4";"";"";"";"";"";"";"";"";"";
"X2";"BU-SMA-G";"BU-SMA-G";"BU-SMA-G";"FEMALE SMA CONNECTOR";"";"";"";"";"";"";"";"";"";"";"";"";"";"";"";"unknown";"unknown";"";"";"";"";"4";"";"";"";"";"";"";"";"";"";
"X3";"BU-SMA-G";"BU-SMA-G";"BU-SMA-G";"FEMALE SMA CONNECTOR";"";"";"";"";"";"";"";"";"";"";"";"";"";"";"";"unknown";"unknown";"";"";"";"";"4";"";"";"";"";"";"";"";"";"";
"X4";"BU-SMA-G";"BU-SMA-G";"BU-SMA-G";"FEMALE SMA CONNECTOR";"";"";"";"";"";"";"";"";"";"";"";"";"";"";"";"unknown";"unknown";"";"";"";"";"4";"";"";"";"";"";"";"";"";"";
"X5";"BU-SMA-G";"BU-SMA-G";"BU-SMA-G";"FEMALE SMA CONNECTOR";"";"";"";"";"";"";"";"";"";"";"";"";"";"";"";"unknown";"unknown";"";"";"";"";"4";"";"";"";"";"";"";"";"";"";
"X6";"BU-SMA-G";"BU-SMA-G";"BU-SMA-G";"FEMALE SMA CONNECTOR";"";"";"";"";"";"";"";"";"";"";"";"";"";"";"";"unknown";"unknown";"";"";"";"";"4";"";"";"";"";"";"";"";"";"";
"X7";"BU-SMA-G";"BU-SMA-G";"BU-SMA-G";"FEMALE SMA CONNECTOR";"";"";"";"";"";"";"";"";"";"";"";"";"";"";"";"unknown";"unknown";"";"";"";"";"4";"";"";"";"";"";"";"";"";"";
"X8";"BU-SMA-G";"BU-SMA-G";"BU-SMA-G";"FEMALE SMA CONNECTOR";"";"";"";"";"";"";"";"";"";"";"";"";"";"";"";"unknown";"unknown";"";"";"";"";"4";"";"";"";"";"";"";"";"";"";
"X9";"1365-10";"1365-10";"1365-10";"DUAL ROW STRAIGHT HEADER 1364 SERIES. 1.27mm x 1.27mm. Without Fixing Post. SMT";"";"";"";"";"";"";"";"";"";"";"";"";"";"";"";"unknown";"unknown";"";"";"";"";"1";"";"";"";"";"";"";"";"";"";
