Refs,Description,Power,Height,Manf#,Manufacturer_Name,Tolerance,datasheet,footprint,value,voltage,Alternate
C1,,,,CC0603MRX7R8BB104,Yageo,20%,,Capacitor_SMD:C_0603_1608Metric,0.1u,25,
C10,,,,CL10B105KO8NNNC,,10%,,Capacitor_SMD:C_0603_1608Metric,1u,16V,
C100,,,,CC0603MRX7R8BB104,Yageo,20%,,Capacitor_SMD:C_0603_1608Metric,0.1u,25,
C101,,,,GRM21BR70J106KA73L,,10%,,Capacitor_SMD:C_0805_2012Metric,10u,6.3V,
C102,,,,CC0603MRX7R8BB104,Yageo,20%,,Capacitor_SMD:C_0603_1608Metric,0.1u,25,
C103,,,,CC0603MRX7R8BB104,Yageo,20%,,Capacitor_SMD:C_0603_1608Metric,0.1u,25,
C104,,,,CC0603MRX7R8BB104,Yageo,20%,,Capacitor_SMD:C_0603_1608Metric,0.1u,25,
C105,,,,CC0603MRX7R8BB104,Yageo,20%,,Capacitor_SMD:C_0603_1608Metric,0.1u,25,
C106,,,,JMK107ABJ106KAHT,,10%,,Capacitor_SMD:C_0603_1608Metric,10u,6.3V,
C107,,,,CC0603MRX7R8BB104,Yageo,20%,,Capacitor_SMD:C_0603_1608Metric,0.1u,25,
C108,,,,CC0603MRX7R8BB104,Yageo,20%,,Capacitor_SMD:C_0603_1608Metric,0.1u,25,
C109,,,,CC0603MRX7R8BB104,Yageo,20%,,Capacitor_SMD:C_0603_1608Metric,0.1u,25,
C11,,,,CC0603JRNPO9BN750,,5%,,Capacitor_SMD:C_0603_1608Metric,75p,50V,
C110,,,,CC0603MRX7R8BB104,Yageo,20%,,Capacitor_SMD:C_0603_1608Metric,0.1u,25,
C111,,,,CC0603MRX7R8BB104,Yageo,20%,,Capacitor_SMD:C_0603_1608Metric,0.1u,25,
C112,,,,CC0603JRNPO9BN101,,5%,,Capacitor_SMD:C_0603_1608Metric,100p,50V,
C113,,,,CC0603MRX7R8BB104,Yageo,20%,,Capacitor_SMD:C_0603_1608Metric,0.1u,25,
C114,,,,,,,,Capacitor_SMD:C_0603_1608Metric,DNI,,
C115,,,,CC0603MRX7R8BB104,Yageo,20%,,Capacitor_SMD:C_0603_1608Metric,0.1u,25,
C116,,,,CC0603MRX7R8BB104,Yageo,20%,,Capacitor_SMD:C_0603_1608Metric,0.1u,25,
C117,,,,,,,,Capacitor_SMD:C_0603_1608Metric,DNI,,
C118,,,,CC0603MRX7R8BB104,Yageo,20%,,Capacitor_SMD:C_0603_1608Metric,0.1u,25,
C119,,,,CC0603CRNPO9BN2R0,,0.25pF,,Capacitor_SMD:C_0603_1608Metric,2p,50V,
C12,,,,JMK107BJ475MAHT,,20%,,Capacitor_SMD:C_0603_1608Metric,4.7u,6.3V,
C120,,,,CC0603MRX7R8BB104,Yageo,20%,,Capacitor_SMD:C_0603_1608Metric,0.1u,25,
C121,,,,CC0603MRX7R8BB104,Yageo,20%,,Capacitor_SMD:C_0603_1608Metric,0.1u,25,
C122,,,,,,,,Capacitor_SMD:C_0603_1608Metric,DNI,,
C123,,,,,,,,Capacitor_SMD:C_0603_1608Metric,DNI,,
C124,,,,CC0603MRX7R8BB104,Yageo,20%,,Capacitor_SMD:C_0603_1608Metric,0.1u,25,
C125,,,,CC0603MRX7R8BB104,Yageo,20%,,Capacitor_SMD:C_0603_1608Metric,0.1u,25,
C126,,,,,,,,Capacitor_SMD:C_0603_1608Metric,DNI,,
C127,,,,CC0603MRX7R8BB104,Yageo,20%,,Capacitor_SMD:C_0603_1608Metric,0.1u,25,
C128,,,,CC0603CRNPO9BN2R0,,0.25pF,,Capacitor_SMD:C_0603_1608Metric,2p,50V,
C129,,,,CC0603MRX7R8BB104,Yageo,20%,,Capacitor_SMD:C_0603_1608Metric,0.1u,25,
C13,,,,CC0603MRX7R8BB104,Yageo,20%,,Capacitor_SMD:C_0603_1608Metric,0.1u,25,
C130,,,,CC0603MRX7R8BB104,Yageo,20%,,Capacitor_SMD:C_0603_1608Metric,0.1u,25,
C131,,,,,,,,Capacitor_SMD:C_0603_1608Metric,DNI,,
C132,,,,,,,,Capacitor_SMD:C_0603_1608Metric,DNI,,
C133,,,,CC0603MRX7R8BB104,Yageo,20%,,Capacitor_SMD:C_0603_1608Metric,0.1u,25,
C134,,,,CC0603MRX7R8BB104,Yageo,20%,,Capacitor_SMD:C_0603_1608Metric,0.1u,25,
C135,,,,,,,,Capacitor_SMD:C_0603_1608Metric,DNI,,
C136,,,,CC0603MRX7R8BB104,Yageo,20%,,Capacitor_SMD:C_0603_1608Metric,0.1u,25,
C137,,,,CC0603CRNPO9BN2R0,,0.25pF,,Capacitor_SMD:C_0603_1608Metric,2p,50V,
C138,,,,CC0603MRX7R8BB104,Yageo,20%,,Capacitor_SMD:C_0603_1608Metric,0.1u,25,
C139,,,,CC0603MRX7R8BB104,Yageo,20%,,Capacitor_SMD:C_0603_1608Metric,0.1u,25,
C14,,,,CC0603MRX7R8BB104,Yageo,20%,,Capacitor_SMD:C_0603_1608Metric,0.1u,25,
C140,,,,,,,,Capacitor_SMD:C_0603_1608Metric,DNI,,
C141,,,,,,,,Capacitor_SMD:C_0603_1608Metric,DNI,,
C142,,,,CC0603MRX7R8BB104,Yageo,20%,,Capacitor_SMD:C_0603_1608Metric,0.1u,25,
C143,,,,CC0603MRX7R8BB104,Yageo,20%,,Capacitor_SMD:C_0603_1608Metric,0.1u,25,
C144,,,,,,,,Capacitor_SMD:C_0603_1608Metric,DNI,,
C145,,,,CC0603MRX7R8BB104,Yageo,20%,,Capacitor_SMD:C_0603_1608Metric,0.1u,25,
C146,,,,CC0603CRNPO9BN2R0,,0.25pF,,Capacitor_SMD:C_0603_1608Metric,2p,50V,
C147,,,,CC0603MRX7R8BB104,Yageo,20%,,Capacitor_SMD:C_0603_1608Metric,0.1u,25,
C148,,,,CC0603MRX7R8BB104,Yageo,20%,,Capacitor_SMD:C_0603_1608Metric,0.1u,25,
C149,,,,,,,,Capacitor_SMD:C_0603_1608Metric,DNI,,
C15,,,,CC0603MRX7R8BB104,Yageo,20%,,Capacitor_SMD:C_0603_1608Metric,0.1u,25,
C150,,,,,,,,Capacitor_SMD:C_0603_1608Metric,DNI,,
C151,,,,CC0603MRX7R8BB104,Yageo,20%,,Capacitor_SMD:C_0603_1608Metric,0.1u,25,
C152,,,,CC0603MRX7R8BB104,Yageo,20%,,Capacitor_SMD:C_0603_1608Metric,0.1u,25,
C153,,,,,,,,Capacitor_SMD:C_0603_1608Metric,DNI,,
C154,,,,CC0603MRX7R8BB104,Yageo,20%,,Capacitor_SMD:C_0603_1608Metric,0.1u,25,
C155,,,,CC0603CRNPO9BN2R0,,0.25pF,,Capacitor_SMD:C_0603_1608Metric,2p,50V,
C156,,,,CC0603MRX7R8BB104,Yageo,20%,,Capacitor_SMD:C_0603_1608Metric,0.1u,25,
C157,,,,CC0603MRX7R8BB104,Yageo,20%,,Capacitor_SMD:C_0603_1608Metric,0.1u,25,
C158,,,,,,,,Capacitor_SMD:C_0603_1608Metric,DNI,,
C159,,,,,,,,Capacitor_SMD:C_0603_1608Metric,DNI,,
C16,,,,JMK107ABJ106KAHT,,10%,,Capacitor_SMD:C_0603_1608Metric,10u,6.3V,
C160,,,,CC0603MRX7R8BB104,Yageo,20%,,Capacitor_SMD:C_0603_1608Metric,0.1u,25,
C161,,,,CC0603MRX7R8BB104,Yageo,20%,,Capacitor_SMD:C_0603_1608Metric,0.1u,25,
C162,,,,,,,,Capacitor_SMD:C_0603_1608Metric,DNI,,
C163,,,,CC0603MRX7R8BB104,Yageo,20%,,Capacitor_SMD:C_0603_1608Metric,0.1u,25,
C164,,,,CC0603CRNPO9BN2R0,,0.25pF,,Capacitor_SMD:C_0603_1608Metric,2p,50V,
C165,,,,CC0603MRX7R8BB104,Yageo,20%,,Capacitor_SMD:C_0603_1608Metric,0.1u,25,
C166,,,,CC0603MRX7R8BB104,Yageo,20%,,Capacitor_SMD:C_0603_1608Metric,0.1u,25,
C167,,,,,,,,Capacitor_SMD:C_0603_1608Metric,DNI,,
C168,,,,CC0603MRX7R8BB104,Yageo,20%,,Capacitor_SMD:C_0603_1608Metric,0.1u,25,
C169,,,,CC0603MRX7R8BB104,Yageo,20%,,Capacitor_SMD:C_0603_1608Metric,0.1u,25,
C17,,,,CC0603MRX7R8BB104,Yageo,20%,,Capacitor_SMD:C_0603_1608Metric,0.1u,25,
C170,,,,CC0603MRX7R8BB104,Yageo,20%,,Capacitor_SMD:C_0603_1608Metric,0.1u,25,
C171,,,,CC0603MRX7R8BB104,Yageo,20%,,Capacitor_SMD:C_0603_1608Metric,0.1u,25,
C172,,,,CC0603MRX7R8BB104,Yageo,20%,,Capacitor_SMD:C_0603_1608Metric,0.1u,25,
C173,,,,CC0603MRX7R8BB104,Yageo,20%,,Capacitor_SMD:C_0603_1608Metric,0.1u,25,
C174,,,,CC0603MRX7R8BB104,Yageo,20%,,Capacitor_SMD:C_0603_1608Metric,0.1u,25,
C175,,,,CC0603MRX7R8BB104,Yageo,20%,,Capacitor_SMD:C_0603_1608Metric,0.1u,25,
C176,,,,CC0603MRX7R8BB104,Yageo,20%,,Capacitor_SMD:C_0603_1608Metric,0.1u,25,
C177,,,,CC0603MRX7R8BB104,Yageo,20%,,Capacitor_SMD:C_0603_1608Metric,0.1u,25,
C178,,,,CC0603JRX7R9BB472,,5%,~,Capacitor_SMD:C_0603_1608Metric,5p,50V,
C179,,,,CC0603MRX7R8BB104,Yageo,20%,~,Capacitor_SMD:C_0603_1608Metric,0.1u,25,
C18,,,,CC0603MRX7R8BB104,Yageo,20%,,Capacitor_SMD:C_0603_1608Metric,0.1u,25,
C180,,,,CC0603MRX7R8BB104,Yageo,20%,~,Capacitor_SMD:C_0603_1608Metric,0.1u,25,
C19,,,,CC0603MRX7R8BB104,Yageo,20%,,Capacitor_SMD:C_0603_1608Metric,0.1u,25,
C2,,,,CC0603MRX7R8BB104,Yageo,20%,,Capacitor_SMD:C_0603_1608Metric,0.1u,25,
C20,,,,CC0603MRX7R8BB104,Yageo,20%,,Capacitor_SMD:C_0603_1608Metric,0.1u,25,
C21,,,,CC0603MRX7R8BB104,Yageo,20%,,Capacitor_SMD:C_0603_1608Metric,0.1u,25,
C22,,,,CC0603MRX7R8BB104,Yageo,20%,,Capacitor_SMD:C_0603_1608Metric,0.1u,25,
C23,,,,CC0603MRX7R8BB104,Yageo,20%,,Capacitor_SMD:C_0603_1608Metric,0.1u,25,
C24,,,,CC0603JRNPO9BN101,,5%,,Capacitor_SMD:C_0603_1608Metric,100p,50V,
C25,,,,CC0603MRX7R8BB104,Yageo,20%,,Capacitor_SMD:C_0603_1608Metric,0.1u,25,
C26,,,,CC0603MRX7R8BB104,Yageo,20%,,Capacitor_SMD:C_0603_1608Metric,0.1u,25,
C27,,,,CC0603MRX7R8BB104,Yageo,20%,,Capacitor_SMD:C_0603_1608Metric,0.1u,25,
C28,,,,CC0603KRX5R8BB334,Yageo,10%,,Capacitor_SMD:C_0603_1608Metric,0.33u,25V,
C29,,,,CC0603KRX5R8BB334,Yageo,10%,,Capacitor_SMD:C_0603_1608Metric,0.33u,25V,
C3,,,,CC0603JRX7R9BB472,,5%,~,Capacitor_SMD:C_0603_1608Metric,5p,50V,
C30,,,,CL10B105KO8NNNC,,10%,,Capacitor_SMD:C_0603_1608Metric,1u,16V,
C31,,,,CL10B105KO8NNNC,,10%,,Capacitor_SMD:C_0603_1608Metric,1u,16V,
C32,,,,CL10B105KO8NNNC,,10%,,Capacitor_SMD:C_0603_1608Metric,1u,16V,
C33,,,,CC0603JRX7R9BB472,,5%,~,Capacitor_SMD:C_0603_1608Metric,5p,50V,
C34,,,,CC0603MRX7R8BB104,Yageo,20%,~,Capacitor_SMD:C_0603_1608Metric,0.1u,25,
C35,,,,CC0603MRX7R8BB104,Yageo,20%,~,Capacitor_SMD:C_0603_1608Metric,0.1u,25,
C36,,,,CL10B105KO8NNNC,,10%,,Capacitor_SMD:C_0603_1608Metric,1u,16V,
C37,,,,CL10B105KO8NNNC,,10%,,Capacitor_SMD:C_0603_1608Metric,1u,16V,
C38,,,,CC0603MRX7R8BB104,Yageo,20%,,Capacitor_SMD:C_0603_1608Metric,0.1u,25,
C39,,,,CC0603MRX7R8BB104,Yageo,20%,,Capacitor_SMD:C_0603_1608Metric,0.1u,25,
C4,,,,CC0603MRX7R8BB104,Yageo,20%,~,Capacitor_SMD:C_0603_1608Metric,0.1u,25,
C40,,,,CC0603MRX7R8BB104,Yageo,20%,,Capacitor_SMD:C_0603_1608Metric,0.1u,25,
C41,,,,CC0603MRX7R8BB104,Yageo,20%,,Capacitor_SMD:C_0603_1608Metric,0.1u,25,
C42,,,,CC0603KRX5R8BB334,Yageo,10%,,Capacitor_SMD:C_0603_1608Metric,0.33u,25V,
C43,,,,CL10B105KO8NNNC,,10%,,Capacitor_SMD:C_0603_1608Metric,1u,16V,
C44,,,,CC0603MRX7R8BB104,Yageo,20%,,Capacitor_SMD:C_0603_1608Metric,0.1u,25,
C45,,,,CC0603MRX7R8BB104,Yageo,20%,,Capacitor_SMD:C_0603_1608Metric,0.1u,25,
C46,,,,CC0603MRX7R8BB104,Yageo,20%,,Capacitor_SMD:C_0603_1608Metric,0.1u,25,
C47,,,,CC0603MRX7R8BB104,Yageo,20%,,Capacitor_SMD:C_0603_1608Metric,0.1u,25,
C48,,,,CC0603MRX7R8BB104,Yageo,20%,,Capacitor_SMD:C_0603_1608Metric,0.1u,25,
C49,,,,JMK107ABJ106KAHT,,10%,,Capacitor_SMD:C_0603_1608Metric,10u,6.3V,
C5,,,,CC0603MRX7R8BB104,Yageo,20%,~,Capacitor_SMD:C_0603_1608Metric,0.1u,25,
C50,,,,CC0603MRX7R8BB104,Yageo,20%,,Capacitor_SMD:C_0603_1608Metric,0.1u,25,
C51,,,,CC0603MRX7R8BB104,Yageo,20%,,Capacitor_SMD:C_0603_1608Metric,0.1u,25,
C52,,,,CC0603MRX7R8BB104,Yageo,20%,,Capacitor_SMD:C_0603_1608Metric,0.1u,25,
C53,,,,CC0603MRX7R8BB104,Yageo,20%,,Capacitor_SMD:C_0603_1608Metric,0.1u,25,
C54,,,,CC0603MRX7R8BB104,Yageo,20%,,Capacitor_SMD:C_0603_1608Metric,0.1u,25,
C55,,,,CC0603MRX7R8BB104,Yageo,20%,,Capacitor_SMD:C_0603_1608Metric,0.1u,25,
C56,,,,,,,,Capacitor_SMD:C_0603_1608Metric,DNI,,
C57,,,,CC0603MRX7R8BB104,Yageo,20%,,Capacitor_SMD:C_0603_1608Metric,0.1u,25,
C58,,,,CC0603CRNPO9BN2R0,,0.25pF,,Capacitor_SMD:C_0603_1608Metric,2p,50V,
C59,,,,CC0603MRX7R8BB104,Yageo,20%,,Capacitor_SMD:C_0603_1608Metric,0.1u,25,
C6,,,,JMK107BJ475MAHT,,20%,,Capacitor_SMD:C_0603_1608Metric,4.7u,6.3V,
C60,,,,CC0603MRX7R8BB104,Yageo,20%,,Capacitor_SMD:C_0603_1608Metric,0.1u,25,
C61,,,,,,,,Capacitor_SMD:C_0603_1608Metric,DNP,,
C62,,,,CC0603MRX7R8BB104,Yageo,20%,,Capacitor_SMD:C_0603_1608Metric,0.1u,25,
C63,,,,CC0603MRX7R8BB104,Yageo,20%,,Capacitor_SMD:C_0603_1608Metric,0.1u,25,
C64,,,,,,,,Capacitor_SMD:C_0603_1608Metric,DNI,,
C65,,,,CC0603MRX7R8BB104,Yageo,20%,,Capacitor_SMD:C_0603_1608Metric,0.1u,25,
C66,,,,CC0603CRNPO9BN2R0,,0.25pF,,Capacitor_SMD:C_0603_1608Metric,2p,50V,
C67,,,,CC0603MRX7R8BB104,Yageo,20%,,Capacitor_SMD:C_0603_1608Metric,0.1u,25,
C68,,,,CC0603MRX7R8BB104,Yageo,20%,,Capacitor_SMD:C_0603_1608Metric,0.1u,25,
C69,,,,,,,,Capacitor_SMD:C_0603_1608Metric,DNI,,
C7,,,,CC0603JRNPO9BN330,,5%,,Capacitor_SMD:C_0603_1608Metric,33p,50V,
C70,,,,CC0603MRX7R8BB104,Yageo,20%,,Capacitor_SMD:C_0603_1608Metric,0.1u,25,
C71,,,,CC0603JRNPO9BN102,,5%,,Capacitor_SMD:C_0603_1608Metric,1000p,50V,
C72,,,,CC0603JRNPO9BN102,,5%,,Capacitor_SMD:C_0603_1608Metric,1000p,50V,
C73,,,,CC0603JRNPO9BN102,,5%,,Capacitor_SMD:C_0603_1608Metric,1000p,50V,
C74,,,,CC0603JRNPO9BN102,,5%,,Capacitor_SMD:C_0603_1608Metric,1000p,50V,
C75,,,,CC0603JRNPO9BN102,,5%,,Capacitor_SMD:C_0603_1608Metric,1000p,50V,
C76,,,,CC0603JRNPO9BN102,,5%,,Capacitor_SMD:C_0603_1608Metric,1000p,50V,
C77,,,,CC0603JRNPO9BN102,,5%,,Capacitor_SMD:C_0603_1608Metric,1000p,50V,
C78,,,,CC0603JRNPO9BN102,,5%,,Capacitor_SMD:C_0603_1608Metric,1000p,50V,
C79,,,,CC0603JRNPO9BN102,,5%,,Capacitor_SMD:C_0603_1608Metric,1000p,50V,
C8,,,,CC0603MRX7R8BB104,Yageo,20%,,Capacitor_SMD:C_0603_1608Metric,0.1u,25,
C80,,,,CC0603JRNPO9BN102,,5%,,Capacitor_SMD:C_0603_1608Metric,1000p,50V,
C81,,,,CC0603JRNPO9BN102,,5%,,Capacitor_SMD:C_0603_1608Metric,1000p,50V,
C82,,,,CC0603JRNPO9BN102,,5%,,Capacitor_SMD:C_0603_1608Metric,1000p,50V,
C83,,,,CC0603JRNPO9BN102,,5%,,Capacitor_SMD:C_0603_1608Metric,1000p,50V,
C84,,,,CC0603JRNPO9BN102,,5%,,Capacitor_SMD:C_0603_1608Metric,1000p,50V,
C85,,,,CC0603JRNPO9BN102,,5%,,Capacitor_SMD:C_0603_1608Metric,1000p,50V,
C86,,,,CC0603JRNPO9BN102,,5%,,Capacitor_SMD:C_0603_1608Metric,1000p,50V,
C87,,,,JMK107ABJ106KAHT,,10%,,Capacitor_SMD:C_0603_1608Metric,10u,6.3V,
C88,,,,JMK107ABJ106KAHT,,10%,,Capacitor_SMD:C_0603_1608Metric,10u,6.3V,
C89,,,,JMK107ABJ106KAHT,,10%,,Capacitor_SMD:C_0603_1608Metric,10u,6.3V,
C9,,,,JMK107BJ475MAHT,,20%,,Capacitor_SMD:C_0603_1608Metric,4.7u,6.3V,
C90,,,,JMK107ABJ106KAHT,,10%,,Capacitor_SMD:C_0603_1608Metric,10u,6.3V,
C91,,,,GRM21BR70J106KA73L,,10%,,Capacitor_SMD:C_0805_2012Metric,10u,6.3V,
C92,,,,GRM21BR70J106KA73L,,10%,,Capacitor_SMD:C_0805_2012Metric,10u,6.3V,
C93,,,,CC0603MRX7R8BB104,Yageo,20%,,Capacitor_SMD:C_0603_1608Metric,0.1u,25,
C94,,,,CC0603MRX7R8BB104,Yageo,20%,,Capacitor_SMD:C_0603_1608Metric,0.1u,25,
C95,,,,CC0603MRX7R8BB104,Yageo,20%,,Capacitor_SMD:C_0603_1608Metric,0.1u,25,
C96,,,,CC0603MRX7R8BB104,Yageo,20%,,Capacitor_SMD:C_0603_1608Metric,0.1u,25,
C97,,,,CC0603MRX7R8BB104,Yageo,20%,,Capacitor_SMD:C_0603_1608Metric,0.1u,25,
C98,,,,JMK107ABJ106KA-T,,10%,,Capacitor_SMD:C_0603_1608Metric,10u,6.3V,
C99,,,,CC0603MRX7R8BB104,Yageo,20%,,Capacitor_SMD:C_0603_1608Metric,0.1u,25,
D2,,,,B0540W,,,~,,D_Schottky,,
D3,,,,B0540W,,,~,,D_Schottky,,
FB1,,,,BLM31PG500SN1L,,,~,Capacitor_SMD:C_1206_3216Metric,Ferrite_Bead,,
FB2,,,,BLM31PG500SN1L,,,~,Capacitor_SMD:C_1206_3216Metric,Ferrite_Bead,,
H1,,,,,,,~,MountingHole:MountingHole_3.2mm_M3_DIN965_Pad,DNI,,
H2,,,,,,,~,MountingHole:MountingHole_3.2mm_M3_DIN965_Pad,DNI,,
H3,,,,,,,~,MountingHole:MountingHole_3.2mm_M3_DIN965_Pad,DNI,,
H4,,,,,,,~,MountingHole:MountingHole_3.2mm_M3_DIN965_Pad,DNI,,
IC1,,,,OPA1662AIDGKR,,,,adc_dac_v1:DGK8,OPA1662,,
IC2,,,,OPA1662AIDGKR,,,,adc_dac_v1:DGK8,OPA1662,,
IC3,Analog to Digital Converters - ADC 16-channel 16-bit 1-MSPS dual simultaneous-sampling ADC with integrated analog front end (AFE),,1.6,ADS8686SIPZAR,Texas Instruments,,https://www.ti.com/lit/gpn/ADS8686S,covg-kicad:QFP65P1600X1600X160-80N,ADS8686SIPZAR,,
IC4,,,,OPA1662AIDGKR,,,,adc_dac_v1:DGK8,OPA1662,,
IC5,,,,OPA1662AIDGKR,,,,adc_dac_v1:DGK8,OPA1662,,
IC6,,,,OPA1662AIDGKR,,,,adc_dac_v1:DGK8,OPA1662,,
IC7,,,,OPA1662AIDGKR,,,,adc_dac_v1:DGK8,OPA1662,,
J1,,,,,,,https://en.wikipedia.org/wiki/HDMI,,HDMI_A,,
J10,,,,,,,https://en.wikipedia.org/wiki/HDMI,,HDMI_A,,
J11,,,,,,,~,,Conn_02x05_Odd_Even,,
J12,,,,,,, ~,,Conn_Coaxial,,
J13,,,,PRT-14417,,,,Connectors:1X04_1MM_RA,QWIIC_CONNECTOR-1MM,,
J14,,,,,,, ~,,Conn_Coaxial,,
J15,,,,,,,~,,Conn_01x04_Male,,
J16,,,,,,,~,,Conn_02x16_Odd_Even,,
J17,,,,,,,~,,Conn_01x04_Male,,
J18,,,,,,,~,,Conn_01x04_Male,,
J19,,,,,,,~,,Conn_01x04_Male,,
J2,,,,PJ-002B,,,,adc_dac_v1:CUI_PJ-002B,PJ-002B,,
J20,,,,,,,~,,Conn_02x16_Odd_Even,,
J21,,,,,,,~,,Conn_02x16_Odd_Even,,
J22,,,,,,,~,,Conn_02x10_Counter_Clockwise,,
J23,,,,,,,~,,Conn_02x10_Counter_Clockwise,,
J3,,,,,,,https://en.wikipedia.org/wiki/HDMI,,HDMI_A,,
J4,,,,,,,~,,Screw_Terminal_01x12,,
J5,,,,,,,~,,Conn_02x03_Odd_Even,,
J6,,,,,,,~,,Conn_02x03_Odd_Even,,
J7,,,,,,,~,,Conn_02x03_Odd_Even,,
J8,,,,,,,~,,Conn_02x03_Odd_Even,,
J9,,,,,,,https://en.wikipedia.org/wiki/HDMI,,HDMI_A,,
L2,,,,CDRH3D16/HPNP-100MC,,,~,,4.7u,,
L3,,,,CDRH3D16/HPNP-100MC,,,~,,10uH,,
L4,,,,CDRH3D16/HPNP-100MC,,,~,,15uH,,
OK1,,,,BTE-040-02-F-D-A,,,,covg-kicad:OPALKELLY_XEM6010,OPALKELLY_XEM6310,,
Q1,,,,BC856B-7-F,,,https://www.onsemi.com/pub/Collateral/BC860-D.pdf,Package_TO_SOT_SMD:SOT-23,BC856,,
Q2,,,,BC856B-7-F,,,https://www.onsemi.com/pub/Collateral/BC860-D.pdf,Package_TO_SOT_SMD:SOT-23,BC856,,
R1,,0.1W,,RC0603FR-070RL,,,,Resistor_SMD:R_0603_1608Metric,0,,
R10,,0.1W,,RC0603FR-0715kL,,1%,,Resistor_SMD:R_0603_1608Metric,15k,,
R100,,0.1W,,RC0603FR-070RL,,,,Resistor_SMD:R_0603_1608Metric,0,,
R101,,0.1W,,RC0603FR-070RL,,,,Resistor_SMD:R_0603_1608Metric,0,,
R102,,0.1W,,RC0603FR-070RL,,,,Resistor_SMD:R_0603_1608Metric,0,,
R103,,0.1W,,RC0603FR-070RL,,,,Resistor_SMD:R_0603_1608Metric,0,,
R104,,0.1W,,RC0603FR-070RL,,,,Resistor_SMD:R_0603_1608Metric,0,,
R105,,0.1W,,RC0603FR-070RL,,,,Resistor_SMD:R_0603_1608Metric,0,,
R106,,0.1W,,RC0603FR-070RL,,,,Resistor_SMD:R_0603_1608Metric,0,,
R107,,0.1W,,RC0603FR-071KL,,1%,,Resistor_SMD:R_0603_1608Metric,1k,,
R108,,0.1W,,RC0603FR-071KL,,1%,,Resistor_SMD:R_0603_1608Metric,1k,,
R109,,0.1W,,RC0603FR-071KL,,1%,,Resistor_SMD:R_0603_1608Metric,1k,,
R11,,0.1W,,RC0603FR-0715kL,,1%,,Resistor_SMD:R_0603_1608Metric,15k,,
R110,,0.1W,,RC0603FR-071KL,,1%,,Resistor_SMD:R_0603_1608Metric,1k,,
R111,,0.1W,,RC0603FR-071KL,,1%,,Resistor_SMD:R_0603_1608Metric,1k,,
R112,,0.1W,,RC0603FR-071KL,,1%,,Resistor_SMD:R_0603_1608Metric,1k,,
R113,,0.1W,,RC0603FR-071KL,,1%,,Resistor_SMD:R_0603_1608Metric,1k,,
R114,,0.1W,,RC0603FR-071KL,,1%,,Resistor_SMD:R_0603_1608Metric,1k,,
R115,,0.1W,,RC0603FR-07100KL,,1%,,Resistor_SMD:R_0603_1608Metric,100k,,
R116,,0.1W,,RC0603FR-07100RL,,1%,,Resistor_SMD:R_0603_1608Metric,100,,
R117,,0.1W,,RC0603FR-0733RL,,1%,,Resistor_SMD:R_0603_1608Metric,33,,
R118,,0.1W,,RC0603FR-0733RL,,1%,,Resistor_SMD:R_0603_1608Metric,33,,
R119,,0.1W,,RC0603FR-0733RL,,1%,,Resistor_SMD:R_0603_1608Metric,33,,
R12,,0.1W,,RC0603FR-0715kL,,1%,,Resistor_SMD:R_0603_1608Metric,15k,,
R120,,0.1W,,RC0603FR-071KL,,1%,,Resistor_SMD:R_0603_1608Metric,1k,,
R121,,0.1W,,RC0603FR-071KL,,1%,,Resistor_SMD:R_0603_1608Metric,1k,,
R122,,0.1W,,RC0603FR-071KL,,1%,,Resistor_SMD:R_0603_1608Metric,1k,,
R123,,0.1W,,RC0603FR-071KL,,1%,,Resistor_SMD:R_0603_1608Metric,1k,,
R124,,0.1W,,RC0603FR-071KL,,1%,,Resistor_SMD:R_0603_1608Metric,1k,,
R125,,0.1W,,RC0603FR-071KL,,1%,,Resistor_SMD:R_0603_1608Metric,1k,,
R126,,0.1W,,RC0603FR-071KL,,1%,,Resistor_SMD:R_0603_1608Metric,1k,,
R127,,0.1W,,RC0603FR-071KL,,1%,,Resistor_SMD:R_0603_1608Metric,1k,,
R128,,0.1W,,RC0603FR-071KL,,1%,,Resistor_SMD:R_0603_1608Metric,1k,,
R129,,0.1W,,RC0603FR-071KL,,1%,,Resistor_SMD:R_0603_1608Metric,1k,,
R13,,,,RC0603FR-0715kL,,,,Resistor_SMD:R_0603_1608Metric,15k,,
R130,,0.1W,,RC0603FR-071KL,,1%,,Resistor_SMD:R_0603_1608Metric,1k,,
R131,,0.1W,,RC0603FR-071KL,,1%,,Resistor_SMD:R_0603_1608Metric,1k,,
R132,,0.1W,,RC0603FR-071KL,,1%,,Resistor_SMD:R_0603_1608Metric,1k,,
R133,,0.1W,,RC0603FR-07100RL,,1%,,Resistor_SMD:R_0603_1608Metric,100,,
R134,,0.1W,,RC0603FR-071KL,,1%,,Resistor_SMD:R_0603_1608Metric,1k,,
R135,,0.1W,,RC0603FR-071KL,,1%,,Resistor_SMD:R_0603_1608Metric,1k,,
R136,,0.1W,,RC0603FR-071KL,,1%,,Resistor_SMD:R_0603_1608Metric,1k,,
R137,,0.1W,,RC0603FR-0733RL,,1%,,Resistor_SMD:R_0603_1608Metric,33,,
R138,,0.1W,,RC0603FR-0733RL,,1%,,Resistor_SMD:R_0603_1608Metric,33,,
R139,,0.1W,,RC0603FR-0733RL,,1%,,Resistor_SMD:R_0603_1608Metric,33,,
R14,,,,RG3216P-4704-B-T1,,0.1,,Resistor_SMD:R_1206_3216Metric,4.7M,,
R140,,0.1W,,RC0603FR-07100RL,,1%,,Resistor_SMD:R_0603_1608Metric,100,,
R141,,0.1W,,RC0603FR-07100RL,,1%,,Resistor_SMD:R_0603_1608Metric,100,,
R142,,0.1W,,RC0603FR-0733RL,,1%,,Resistor_SMD:R_0603_1608Metric,33,,
R143,,0.1W,,RC0603FR-0733RL,,1%,,Resistor_SMD:R_0603_1608Metric,33,,
R144,,0.1W,,RC0603FR-0733RL,,1%,,Resistor_SMD:R_0603_1608Metric,33,,
R145,,0.1W,,RC0603FR-07100RL,,1%,,Resistor_SMD:R_0603_1608Metric,100,,
R146,,0.1W,,RC0603FR-07100RL,,1%,,Resistor_SMD:R_0603_1608Metric,100,,
R147,,0.1W,,RC0603FR-0733RL,,1%,,Resistor_SMD:R_0603_1608Metric,33,,
R148,,0.1W,,RC0603FR-0733RL,,1%,,Resistor_SMD:R_0603_1608Metric,33,,
R149,,0.1W,,RC0603FR-0733RL,,1%,,Resistor_SMD:R_0603_1608Metric,33,,
R15,,,,RG3216P-4704-B-T1,,0.1,,Resistor_SMD:R_1206_3216Metric,4.7M,,
R150,,0.1W,,RC0603FR-0749k9L,,1%,,Resistor_SMD:R_0603_1608Metric,49.9k,,
R151,,,,,,,,Resistor_SMD:R_0603_1608Metric,DNI,,
R152,,0.1W,,RC0603FR-0733RL,,1%,,Resistor_SMD:R_0603_1608Metric,33,,
R153,,0.1W,,RC0603FR-07243KL,,1%,,Resistor_SMD:R_0603_1608Metric,243k,,
R154,,0.1W,,RC0603FR-0780k6L,,1%,,Resistor_SMD:R_0603_1608Metric,80.6k,,
R155,,0.1W,,RC0603FR-0732k4L,,1%,,Resistor_SMD:R_0603_1608Metric,32.4k,,
R156,,0.1W,,RC0603FR-078K06L,,1%,,Resistor_SMD:R_0603_1608Metric,8.06k,,
R157,,0.1W,,RC0603FR-0733RL,,1%,,Resistor_SMD:R_0603_1608Metric,33,,
R158,,0.1W,,RC0603FR-0733RL,,1%,,Resistor_SMD:R_0603_1608Metric,33,,
R159,,0.1W,,RC0603FR-0733RL,,1%,,Resistor_SMD:R_0603_1608Metric,33,,
R16,,0.1W,,RC0603FR-070RL,,,,Resistor_SMD:R_0603_1608Metric,0,,
R160,,0.1W,,RC0603FR-070RL,,,,Resistor_SMD:R_0603_1608Metric,0,,
R161,,0.1W,,RC0603FR-0720KL,,1%,,Resistor_SMD:R_0603_1608Metric,20k,,
R162,,0.1W,,RC0603FR-0710kL,,1%,,Resistor_SMD:R_0603_1608Metric,10k,,
R163,,0.1W,,RC0603FR-0720KL,,1%,,Resistor_SMD:R_0603_1608Metric,20k,,
R164,,0.1W,,RC0603FR-072KL,,1%,,Resistor_SMD:R_0603_1608Metric,2k,,
R165,,0.1W,,RC0603FR-071KL,,1%,,Resistor_SMD:R_0603_1608Metric,1k,,
R166,,0.1W,,RC0603FR-0733RL,,1%,,Resistor_SMD:R_0603_1608Metric,33,,
R167,,0.1W,,RC0603FR-0749k9L,,1%,,Resistor_SMD:R_0603_1608Metric,49.9k,,
R168,,,,,,,,Resistor_SMD:R_0603_1608Metric,DNI,,
R169,,0.1W,,RC0603FR-0733RL,,1%,,Resistor_SMD:R_0603_1608Metric,33,,
R17,,0.1W,,RC0603FR-070RL,,,,Resistor_SMD:R_0603_1608Metric,0,,
R170,,0.1W,,RC0603FR-07243KL,,1%,,Resistor_SMD:R_0603_1608Metric,243k,,
R171,,0.1W,,RC0603FR-0780k6L,,1%,,Resistor_SMD:R_0603_1608Metric,80.6k,,
R172,,0.1W,,RC0603FR-0732k4L,,1%,,Resistor_SMD:R_0603_1608Metric,32.4k,,
R173,,0.1W,,RC0603FR-078K06L,,1%,,Resistor_SMD:R_0603_1608Metric,8.06k,,
R174,,0.1W,,RC0603FR-0733RL,,1%,,Resistor_SMD:R_0603_1608Metric,33,,
R175,,0.1W,,RC0603FR-0733RL,,1%,,Resistor_SMD:R_0603_1608Metric,33,,
R176,,0.1W,,RC0603FR-0733RL,,1%,,Resistor_SMD:R_0603_1608Metric,33,,
R177,,0.1W,,RC0603FR-070RL,,,,Resistor_SMD:R_0603_1608Metric,0,,
R178,,0.1W,,RC0603FR-0720KL,,1%,,Resistor_SMD:R_0603_1608Metric,20k,,
R179,,0.1W,,RC0603FR-0710kL,,1%,,Resistor_SMD:R_0603_1608Metric,10k,,
R18,,,,RG3216P-4704-B-T1,,0.1,,Resistor_SMD:R_1206_3216Metric,4.7M,,
R180,,0.1W,,RC0603FR-0720KL,,1%,,Resistor_SMD:R_0603_1608Metric,20k,,
R181,,0.1W,,RC0603FR-072KL,,1%,,Resistor_SMD:R_0603_1608Metric,2k,,
R182,,0.1W,,RC0603FR-071KL,,1%,,Resistor_SMD:R_0603_1608Metric,1k,,
R183,,0.1W,,RC0603FR-0733RL,,1%,,Resistor_SMD:R_0603_1608Metric,33,,
R184,,0.1W,,RC0603FR-0749k9L,,1%,,Resistor_SMD:R_0603_1608Metric,49.9k,,
R185,,,,,,,,Resistor_SMD:R_0603_1608Metric,DNI,,
R186,,0.1W,,RC0603FR-0733RL,,1%,,Resistor_SMD:R_0603_1608Metric,33,,
R187,,0.1W,,RC0603FR-07243KL,,1%,,Resistor_SMD:R_0603_1608Metric,243k,,
R188,,0.1W,,RC0603FR-0780k6L,,1%,,Resistor_SMD:R_0603_1608Metric,80.6k,,
R189,,0.1W,,RC0603FR-0732k4L,,1%,,Resistor_SMD:R_0603_1608Metric,32.4k,,
R19,,,,RG3216P-4704-B-T1,,0.1,,Resistor_SMD:R_1206_3216Metric,4.7M,,
R190,,0.1W,,RC0603FR-078K06L,,1%,,Resistor_SMD:R_0603_1608Metric,8.06k,,
R191,,0.1W,,RC0603FR-0733RL,,1%,,Resistor_SMD:R_0603_1608Metric,33,,
R192,,0.1W,,RC0603FR-0733RL,,1%,,Resistor_SMD:R_0603_1608Metric,33,,
R193,,0.1W,,RC0603FR-0733RL,,1%,,Resistor_SMD:R_0603_1608Metric,33,,
R194,,0.1W,,RC0603FR-070RL,,,,Resistor_SMD:R_0603_1608Metric,0,,
R195,,0.1W,,RC0603FR-0720KL,,1%,,Resistor_SMD:R_0603_1608Metric,20k,,
R196,,0.1W,,RC0603FR-0710kL,,1%,,Resistor_SMD:R_0603_1608Metric,10k,,
R197,,0.1W,,RC0603FR-0720KL,,1%,,Resistor_SMD:R_0603_1608Metric,20k,,
R198,,0.1W,,RC0603FR-072KL,,1%,,Resistor_SMD:R_0603_1608Metric,2k,,
R199,,0.1W,,RC0603FR-071KL,,1%,,Resistor_SMD:R_0603_1608Metric,1k,,
R2,,0.1W,,RC0603FR-0710kL,,1%,,Resistor_SMD:R_0603_1608Metric,10k,,
R20,,,,,,,,Resistor_SMD:R_0603_1608Metric,881k,,
R200,,0.1W,,RC0603FR-0733RL,,1%,,Resistor_SMD:R_0603_1608Metric,33,,
R201,,0.1W,,RC0603FR-0749k9L,,1%,,Resistor_SMD:R_0603_1608Metric,49.9k,,
R202,,,,,,,,Resistor_SMD:R_0603_1608Metric,DNI,,
R203,,0.1W,,RC0603FR-0733RL,,1%,,Resistor_SMD:R_0603_1608Metric,33,,
R204,,0.1W,,RC0603FR-07243KL,,1%,,Resistor_SMD:R_0603_1608Metric,243k,,
R205,,0.1W,,RC0603FR-0780k6L,,1%,,Resistor_SMD:R_0603_1608Metric,80.6k,,
R206,,0.1W,,RC0603FR-0732k4L,,1%,,Resistor_SMD:R_0603_1608Metric,32.4k,,
R207,,0.1W,,RC0603FR-078K06L,,1%,,Resistor_SMD:R_0603_1608Metric,8.06k,,
R208,,0.1W,,RC0603FR-0733RL,,1%,,Resistor_SMD:R_0603_1608Metric,33,,
R209,,0.1W,,RC0603FR-0733RL,,1%,,Resistor_SMD:R_0603_1608Metric,33,,
R21,,0.1W,,RC0603FR-0756k8L,,1%,,Resistor_SMD:R_0603_1608Metric,56.8k,,
R210,,0.1W,,RC0603FR-0733RL,,1%,,Resistor_SMD:R_0603_1608Metric,33,,
R211,,0.1W,,RC0603FR-070RL,,,,Resistor_SMD:R_0603_1608Metric,0,,
R212,,0.1W,,RC0603FR-0720KL,,1%,,Resistor_SMD:R_0603_1608Metric,20k,,
R213,,0.1W,,RC0603FR-0710kL,,1%,,Resistor_SMD:R_0603_1608Metric,10k,,
R214,,0.1W,,RC0603FR-0720KL,,1%,,Resistor_SMD:R_0603_1608Metric,20k,,
R215,,0.1W,,RC0603FR-072KL,,1%,,Resistor_SMD:R_0603_1608Metric,2k,,
R216,,0.1W,,RC0603FR-071KL,,1%,,Resistor_SMD:R_0603_1608Metric,1k,,
R217,,0.1W,,RC0603FR-0733RL,,1%,,Resistor_SMD:R_0603_1608Metric,33,,
R218,,0.1W,,RC0603FR-0749k9L,,1%,,Resistor_SMD:R_0603_1608Metric,49.9k,,
R219,,,,,,,,Resistor_SMD:R_0603_1608Metric,DNI,,
R22,,0.1W,,RC0603FR-07100KL,,1%,,Resistor_SMD:R_0603_1608Metric,100k,,
R220,,0.1W,,RC0603FR-0733RL,,1%,,Resistor_SMD:R_0603_1608Metric,33,,
R221,,0.1W,,RC0603FR-07243KL,,1%,,Resistor_SMD:R_0603_1608Metric,243k,,
R222,,0.1W,,RC0603FR-0780k6L,,1%,,Resistor_SMD:R_0603_1608Metric,80.6k,,
R223,,0.1W,,RC0603FR-0732k4L,,1%,,Resistor_SMD:R_0603_1608Metric,32.4k,,
R224,,0.1W,,RC0603FR-078K06L,,1%,,Resistor_SMD:R_0603_1608Metric,8.06k,,
R225,,0.1W,,RC0603FR-0733RL,,1%,,Resistor_SMD:R_0603_1608Metric,33,,
R226,,0.1W,,RC0603FR-0733RL,,1%,,Resistor_SMD:R_0603_1608Metric,33,,
R227,,0.1W,,RC0603FR-0733RL,,1%,,Resistor_SMD:R_0603_1608Metric,33,,
R228,,0.1W,,RC0603FR-070RL,,,,Resistor_SMD:R_0603_1608Metric,0,,
R229,,0.1W,,RC0603FR-0720KL,,1%,,Resistor_SMD:R_0603_1608Metric,20k,,
R23,,0.1W,,RC0603FR-07100KL,,1%,,Resistor_SMD:R_0603_1608Metric,100k,,
R230,,0.1W,,RC0603FR-0710kL,,1%,,Resistor_SMD:R_0603_1608Metric,10k,,
R231,,0.1W,,RC0603FR-0720KL,,1%,,Resistor_SMD:R_0603_1608Metric,20k,,
R232,,0.1W,,RC0603FR-072KL,,1%,,Resistor_SMD:R_0603_1608Metric,2k,,
R233,,0.1W,,RC0603FR-071KL,,1%,,Resistor_SMD:R_0603_1608Metric,1k,,
R234,,0.1W,,RC0603FR-0733RL,,1%,,Resistor_SMD:R_0603_1608Metric,33,,
R235,,0.1W,,RC0603FR-0749k9L,,1%,,Resistor_SMD:R_0603_1608Metric,49.9k,,
R236,,,,,,,,Resistor_SMD:R_0603_1608Metric,DNI,,
R237,,0.1W,,RC0603FR-0733RL,,1%,,Resistor_SMD:R_0603_1608Metric,33,,
R238,,0.1W,,RC0603FR-07243KL,,1%,,Resistor_SMD:R_0603_1608Metric,243k,,
R239,,0.1W,,RC0603FR-0780k6L,,1%,,Resistor_SMD:R_0603_1608Metric,80.6k,,
R24,,0.1W,,RC0603FR-07100KL,,1%,,Resistor_SMD:R_0603_1608Metric,100k,,
R240,,0.1W,,RC0603FR-0732k4L,,1%,,Resistor_SMD:R_0603_1608Metric,32.4k,,
R241,,0.1W,,RC0603FR-078K06L,,1%,,Resistor_SMD:R_0603_1608Metric,8.06k,,
R242,,0.1W,,RC0603FR-0733RL,,1%,,Resistor_SMD:R_0603_1608Metric,33,,
R243,,0.1W,,RC0603FR-0733RL,,1%,,Resistor_SMD:R_0603_1608Metric,33,,
R244,,0.1W,,RC0603FR-0733RL,,1%,,Resistor_SMD:R_0603_1608Metric,33,,
R245,,0.1W,,RC0603FR-070RL,,,,Resistor_SMD:R_0603_1608Metric,0,,
R246,,0.1W,,RC0603FR-0720KL,,1%,,Resistor_SMD:R_0603_1608Metric,20k,,
R247,,0.1W,,RC0603FR-0710kL,,1%,,Resistor_SMD:R_0603_1608Metric,10k,,
R248,,0.1W,,RC0603FR-0720KL,,1%,,Resistor_SMD:R_0603_1608Metric,20k,,
R249,,0.1W,,RC0603FR-072KL,,1%,,Resistor_SMD:R_0603_1608Metric,2k,,
R25,,0.1W,,RC0603FR-0733RL,,1%,,Resistor_SMD:R_0603_1608Metric,33,,
R250,,0.1W,,RC0603FR-071KL,,1%,,Resistor_SMD:R_0603_1608Metric,1k,,
R251,,0.1W,,RC0603FR-0733RL,,1%,,Resistor_SMD:R_0603_1608Metric,33,,
R252,,0.1W,,RC0603FR-0710kL,,1%,,Resistor_SMD:R_0603_1608Metric,10k,,
R253,,0.1W,,RC0603FR-0710kL,,1%,,Resistor_SMD:R_0603_1608Metric,10k,,
R254,,0.1W,,RC0603FR-0710kL,,1%,,Resistor_SMD:R_0603_1608Metric,10k,,
R255,,0.1W,,RC0603FR-0710kL,,1%,,Resistor_SMD:R_0603_1608Metric,10k,,
R256,,0.1W,,RC0603FR-0730k1L,,1%,,Resistor_SMD:R_0603_1608Metric,30.1k,,
R257,,0.1W,,RC0603FR-0730k1L,,1%,,Resistor_SMD:R_0603_1608Metric,30.1k,,
R258,,0.1W,,RC0603FR-0730k1L,,1%,,Resistor_SMD:R_0603_1608Metric,30.1k,,
R259,,0.1W,,RC0603FR-0730k1L,,1%,,Resistor_SMD:R_0603_1608Metric,30.1k,,
R26,,,,RC0603FR-0710KL,,0.1,,Resistor_SMD:R_0603_1608Metric,470k,,
R260,,0.1W,,RC0603FR-070RL,,,,Resistor_SMD:R_0603_1608Metric,0,,
R261,,0.1W,,RC0603FR-0733RL,,1%,,Resistor_SMD:R_0603_1608Metric,33,,
R262,,,,RC0603FR-0715kL,,,,Resistor_SMD:R_0603_1608Metric,15k,,
R263,,,,RC0603FR-0715kL,,,,Resistor_SMD:R_0603_1608Metric,15k,,
R264,,,,RC0603FR-0715kL,,,,Resistor_SMD:R_0603_1608Metric,15k,,
R265,,,,RC0603FR-0715kL,,,,Resistor_SMD:R_0603_1608Metric,15k,,
R266,,0.1W,,RC0603FR-0710kL,,1%,,Resistor_SMD:R_0603_1608Metric,10k,,
R267,,0.1W,,RC0603FR-0710kL,,1%,,Resistor_SMD:R_0603_1608Metric,10k,,
R268,,0.1W,,RC0603FR-0710kL,,1%,,Resistor_SMD:R_0603_1608Metric,10k,,
R269,,0.1W,,RC0603FR-0710kL,,1%,,Resistor_SMD:R_0603_1608Metric,10k,,
R27,,0.1W,,RC0603FR-0710KL,,1%,,Resistor_SMD:R_0603_1608Metric,10k,,
R270,,0.1W,,RC0603FR-0730k1L,,1%,,Resistor_SMD:R_0603_1608Metric,30.1k,,
R271,,0.1W,,RC0603FR-0730k1L,,1%,,Resistor_SMD:R_0603_1608Metric,30.1k,,
R272,,0.1W,,RC0603FR-0730k1L,,1%,,Resistor_SMD:R_0603_1608Metric,30.1k,,
R273,,0.1W,,RC0603FR-0730k1L,,1%,,Resistor_SMD:R_0603_1608Metric,30.1k,,
R274,,,,RC0603FR-0715kL,,,,Resistor_SMD:R_0603_1608Metric,15k,,
R275,,,,RC0603FR-0715kL,,,,Resistor_SMD:R_0603_1608Metric,15k,,
R276,,,,RC0603FR-0715kL,,,,Resistor_SMD:R_0603_1608Metric,15k,,
R277,,,,RC0603FR-0715kL,,,,Resistor_SMD:R_0603_1608Metric,15k,,
R278,,,,RG3216P-4704-B-T1,,0.1,,Resistor_SMD:R_1206_3216Metric,4.7M,,
R279,,,,RG3216P-4704-B-T1,,0.1,,Resistor_SMD:R_1206_3216Metric,4.7M,,
R28,,,,RG3216P-4704-B-T1,,0.1,,Resistor_SMD:R_1206_3216Metric,4.7M,,
R280,,0.1W,,RC0603FR-070RL,,,,Resistor_SMD:R_0603_1608Metric,0,,
R281,,0.1W,,RC0603FR-070RL,,,,Resistor_SMD:R_0603_1608Metric,0,,
R282,,,,RG3216P-4704-B-T1,,0.1,,Resistor_SMD:R_1206_3216Metric,4.7M,,
R283,,,,RG3216P-4704-B-T1,,0.1,,Resistor_SMD:R_1206_3216Metric,4.7M,,
R284,,,,RC0603FR-0710KL,,0.1,,Resistor_SMD:R_0603_1608Metric,470k,,
R285,,0.1W,,RC0603FR-0710KL,,1%,,Resistor_SMD:R_0603_1608Metric,10k,,
R29,,,,RC0603FR-07787KL,,1%,,Resistor_SMD:R_0603_1608Metric,787k,,
R3,,0.1W,,RC0603FR-0710kL,,1%,,Resistor_SMD:R_0603_1608Metric,10k,,
R30,,,,RC0603FR-0748K7L,,1%,,Resistor_SMD:R_0603_1608Metric,48.7k,,
R31,,0.1W,,RC0603FR-07100RL,,1%,,Resistor_SMD:R_0603_1608Metric,100,,
R32,,0.1W,,RC0603FR-07100RL,,1%,,Resistor_SMD:R_0603_1608Metric,100,,
R33,,0.1W,,RC0603FR-0733RL,,1%,,Resistor_SMD:R_0603_1608Metric,33,,
R34,,0.1W,,RC0603FR-0733RL,,1%,,Resistor_SMD:R_0603_1608Metric,33,,
R35,,0.1W,,RC0603FR-0733RL,,1%,,Resistor_SMD:R_0603_1608Metric,33,,
R36,,0.1W,,RC0603FR-074K7L,,,,Resistor_SMD:R_0603_1608Metric,4.7k,,
R37,,0.1W,,RC0603FR-07100KL,,1%,,Resistor_SMD:R_0603_1608Metric,100k,,
R38,,0.1W,,RC0603FR-07100KL,,1%,,Resistor_SMD:R_0603_1608Metric,100k,,
R39,,0.1W,,RC0603FR-070RL,,,,Resistor_SMD:R_0603_1608Metric,0,,
R4,,0.1W,,RC0603FR-0710kL,,1%,,Resistor_SMD:R_0603_1608Metric,10k,,
R40,,0.1W,,RC0603FR-070RL,,,,Resistor_SMD:R_0603_1608Metric,0,,
R41,,0.1W,,RC0603FR-070RL,,,,Resistor_SMD:R_0603_1608Metric,0,,
R42,,0.1W,,RC0603FR-070RL,,,,Resistor_SMD:R_0603_1608Metric,0,,
R43,,,,,,,,Resistor_SMD:R_0603_1608Metric,DNI,,
R44,,0.1W,,RC0603FR-0733RL,,1%,,Resistor_SMD:R_0603_1608Metric,33,,
R45,,0.1W,,RC0603FR-0733RL,,1%,,Resistor_SMD:R_0603_1608Metric,33,,
R46,,0.1W,,RC0603FR-0733RL,,1%,,Resistor_SMD:R_0603_1608Metric,33,,
R47,,0.1W,,RC0603FR-0733RL,,1%,,Resistor_SMD:R_0603_1608Metric,33,,
R48,,0.1W,,RC0603FR-070RL,,,,Resistor_SMD:R_0603_1608Metric,0,,
R49,,0.1W,,RC0603FR-0720KL,,1%,,Resistor_SMD:R_0603_1608Metric,20k,,
R5,,0.1W,,RC0603FR-0710kL,,1%,,Resistor_SMD:R_0603_1608Metric,10k,,
R50,,0.1W,,RC0603FR-073k3L,,1%,,Resistor_SMD:R_0603_1608Metric,3.3k,,
R51,,0.1W,,RC0603FR-07100KL,,1%,,Resistor_SMD:R_0603_1608Metric,100k,,
R52,,,,RG3216P-4704-B-T1,,0.1,,Resistor_SMD:R_1206_3216Metric,4.7M,,
R53,,0.1W,,RC0603FR-070RL,,,,Resistor_SMD:R_0603_1608Metric,0,,
R54,,0.1W,,RC0603FR-070RL,,,,Resistor_SMD:R_0603_1608Metric,0,,
R55,,0.1W,,RC0603FR-072KL,,1%,,Resistor_SMD:R_0603_1608Metric,2k,,
R56,,0.1W,,RC0603FR-071KL,,1%,,Resistor_SMD:R_0603_1608Metric,1k,,
R57,,0.1W,,RC0603FR-0733RL,,1%,,Resistor_SMD:R_0603_1608Metric,33,,
R58,,0.1W,,RC0603FR-0733RL,,1%,,Resistor_SMD:R_0603_1608Metric,33,,
R59,,,,RG3216P-4704-B-T1,,0.1,,Resistor_SMD:R_1206_3216Metric,4.7M,,
R6,,0.1W,,RC0603FR-0730k1L,,1%,,Resistor_SMD:R_0603_1608Metric,30.1k,,
R60,,,,RG3216P-4704-B-T1,,0.1,,Resistor_SMD:R_1206_3216Metric,4.7M,,
R61,,0.1W,,RC0603FR-0733RL,,1%,,Resistor_SMD:R_0603_1608Metric,33,,
R62,,0.1W,,RC0603FR-0733RL,,1%,,Resistor_SMD:R_0603_1608Metric,33,,
R63,,0.1W,,RC0603FR-0733RL,,1%,,Resistor_SMD:R_0603_1608Metric,33,,
R64,,0.1W,,RC0603FR-070RL,,,,Resistor_SMD:R_0603_1608Metric,0,,
R65,,0.1W,,RC0603FR-0710kL,,1%,,Resistor_SMD:R_0603_1608Metric,10k,,
R66,,0.1W,,RC0603FR-0720KL,,1%,,Resistor_SMD:R_0603_1608Metric,20k,,
R67,,0.1W,,RC0603FR-0710kL,,1%,,Resistor_SMD:R_0603_1608Metric,10k,,
R68,,0.1W,,RC0603FR-0720KL,,1%,,Resistor_SMD:R_0603_1608Metric,20k,,
R69,,0.1W,,RC0603FR-072KL,,1%,,Resistor_SMD:R_0603_1608Metric,2k,,
R7,,0.1W,,RC0603FR-0730k1L,,1%,,Resistor_SMD:R_0603_1608Metric,30.1k,,
R70,,0.1W,,RC0603FR-071KL,,1%,,Resistor_SMD:R_0603_1608Metric,1k,,
R71,,0.1W,,RC0603FR-0733RL,,1%,,Resistor_SMD:R_0603_1608Metric,33,,
R72,,0.1W,,RC0603FR-0710kL,,1%,,Resistor_SMD:R_0603_1608Metric,10k,,
R73,,0.1W,,RC0603FR-0710kL,,1%,,Resistor_SMD:R_0603_1608Metric,10k,,
R74,,0.1W,,RC0603FR-0710kL,,1%,,Resistor_SMD:R_0603_1608Metric,10k,,
R75,,0.1W,,RC0603FR-0730k1L,,1%,,Resistor_SMD:R_0603_1608Metric,30.1k,,
R76,,0.1W,,RC0603FR-0730k1L,,1%,,Resistor_SMD:R_0603_1608Metric,30.1k,,
R77,,0.1W,,RC0603FR-0730k1L,,1%,,Resistor_SMD:R_0603_1608Metric,30.1k,,
R78,,0.1W,,RC0603FR-0730k1L,,1%,,Resistor_SMD:R_0603_1608Metric,30.1k,,
R79,,0.1W,,RC0603FR-0715kL,,1%,,Resistor_SMD:R_0603_1608Metric,15k,,
R8,,0.1W,,RC0603FR-0730k1L,,1%,,Resistor_SMD:R_0603_1608Metric,30.1k,,
R80,,0.1W,,RC0603FR-0715kL,,1%,,Resistor_SMD:R_0603_1608Metric,15k,,
R81,,0.1W,,RC0603FR-0715kL,,1%,,Resistor_SMD:R_0603_1608Metric,15k,,
R82,,0.1W,,RC0603FR-0715kL,,1%,,Resistor_SMD:R_0603_1608Metric,15k,,
R83,,0.1W,,RC0603FR-070RL,,,,Resistor_SMD:R_0603_1608Metric,0,,
R84,,0.1W,,RC0603FR-070RL,,,,Resistor_SMD:R_0603_1608Metric,0,,
R85,,0.1W,,RC0603FR-070RL,,,,Resistor_SMD:R_0603_1608Metric,0,,
R86,,0.1W,,RC0603FR-070RL,,,,Resistor_SMD:R_0603_1608Metric,0,,
R87,,0.1W,,RC0603FR-070RL,,,,Resistor_SMD:R_0603_1608Metric,0,,
R88,,0.1W,,RC0603FR-070RL,,,,Resistor_SMD:R_0603_1608Metric,0,,
R89,,0.1W,,RC0603FR-070RL,,,,Resistor_SMD:R_0603_1608Metric,0,,
R9,,0.1W,,RC0603FR-0730k1L,,1%,,Resistor_SMD:R_0603_1608Metric,30.1k,,
R90,,0.1W,,RC0603FR-070RL,,,,Resistor_SMD:R_0603_1608Metric,0,,
R91,,0.1W,,RC0603FR-071KL,,1%,,Resistor_SMD:R_0603_1608Metric,1k,,
R92,,0.1W,,RC0603FR-071KL,,1%,,Resistor_SMD:R_0603_1608Metric,1k,,
R93,,0.1W,,RC0603FR-071KL,,1%,,Resistor_SMD:R_0603_1608Metric,1k,,
R94,,0.1W,,RC0603FR-071KL,,1%,,Resistor_SMD:R_0603_1608Metric,1k,,
R95,,0.1W,,RC0603FR-071KL,,1%,,Resistor_SMD:R_0603_1608Metric,1k,,
R96,,0.1W,,RC0603FR-071KL,,1%,,Resistor_SMD:R_0603_1608Metric,1k,,
R97,,0.1W,,RC0603FR-071KL,,1%,,Resistor_SMD:R_0603_1608Metric,1k,,
R98,,0.1W,,RC0603FR-071KL,,1%,,Resistor_SMD:R_0603_1608Metric,1k,,
R99,,0.1W,,RC0603FR-070RL,,,,Resistor_SMD:R_0603_1608Metric,0,,
U1,,,,DAC80508ZCRTET,,,,RTE0016D,DAC80508ZRTER,,DAC80508MCRTET
U10,,,,OPA991SIDBVR,,,https://www.ti.com/lit/ds/symlink/opa991.pdf,Package_TO_SOT_SMD:SOT-23-6,OPA991S,,
U11,,,,OPA991SIDBVR,,,https://www.ti.com/lit/ds/symlink/opa991.pdf,Package_TO_SOT_SMD:SOT-23-6,OPA991S,,
U12,,,,LP38693MP-1.8/NOPB,,,https://www.ti.com/lit/ds/symlink/lp38693.pdf,Package_TO_SOT_SMD:SOT-223-5,LP38693MP-1.8,,
U13,,,,LP38693MP-2.5/NOPB,,,https://www.ti.com/lit/ds/symlink/lp38693.pdf,Package_TO_SOT_SMD:SOT-223-5,LP38693MP-2.5,,
U14,,,,LP38693MP-5.0/NOPB,,,https://www.ti.com/lit/ds/symlink/lp38693.pdf,Package_TO_SOT_SMD:SOT-223-5,LP38693MP-5.0,,
U15,IC TRNSLTR BIDIRECTIONAL 8TSSOP,,,PCA9306DTR2G,,,http://www.ti.com/lit/ds/symlink/pca9306.pdf,,PCA9306,,
U16,,,,NLSX3018DTR2G,,,,adc_dac_v1:TSSOP20_4P50X6P60_ONS,NLSX3018DTR2G,,
U17,,,,LM2937IMPX-15/NOPB,,,http://www.ti.com/lit/ds/symlink/lm2937.pdf,Package_TO_SOT_SMD:SOT-223-3_TabPin2,LM2937xMP,,
U18,,,,TXS0108EPWR,,,www.ti.com/lit/ds/symlink/txs0108e.pdf,Package_SO:TSSOP-20_4.4x6.5mm_P0.65mm,TXS0108EPW,,
U19,,,,MAX6070BAUT21+T,,,,adc_dac_v1:21-0058I_MXM,MAX6070BAUT21+T,,
U2,,,,OPA2156IDR,,,https://www.ti.com/lit/ds/symlink/opa2156.pdf,Package_SO:SOIC-8_3.9x4.9mm_P1.27mm,OPA2156xD,,
U20,,,,TXS0108EPWR,,,www.ti.com/lit/ds/symlink/txs0108e.pdf,Package_SO:TSSOP-20_4.4x6.5mm_P0.65mm,TXS0108EPW,,
U21,,,,MC79M15BDTRKG,,,http://www.onsemi.com/pub/Collateral/MC79M00-D.PDF,Package_TO_SOT_SMD:TO-252-2,MC79M15_TO252,,
U22,,,,AD7961BCPZ-RL7,,,,adc_dac_v1:CP_32_7,AD7960BCPZ-RL7,,
U23,,,,OPA325IDBVR,,,https://www.ti.com/lit/ds/symlink/opa325.pdf?ts=1622090939582,Package_TO_SOT_SMD:SOT-23-5,OPA325,,OPA325IDBVT
U24,,,,AD5453YRMZ-REEL7,,,,adc_dac_v1:RM_8,AD5453,,
U25,,,,AD5453YRMZ-REEL7,,,,adc_dac_v1:RM_8,AD5453,,
U26,,,,OPA2156IDR,,,https://www.ti.com/lit/ds/symlink/opa2156.pdf,Package_SO:SOIC-8_3.9x4.9mm_P1.27mm,OPA2156xD,,
U27,,,,OPA2156IDR,,,https://www.ti.com/lit/ds/symlink/opa2156.pdf,Package_SO:SOIC-8_3.9x4.9mm_P1.27mm,OPA2156xD,,
U28,,,,OPA2156IDR,,,https://www.ti.com/lit/ds/symlink/opa2156.pdf,Package_SO:SOIC-8_3.9x4.9mm_P1.27mm,OPA2156xD,,
U29,,,,AD7961BCPZ-RL7,,,,adc_dac_v1:CP_32_7,AD7960BCPZ-RL7,,
U3,,,,OPA2156IDR,,,https://www.ti.com/lit/ds/symlink/opa2156.pdf,Package_SO:SOIC-8_3.9x4.9mm_P1.27mm,OPA2156xD,,
U30,,,,OPA325IDBVR,,,https://www.ti.com/lit/ds/symlink/opa325.pdf?ts=1622090939582,Package_TO_SOT_SMD:SOT-23-5,OPA325,,
U31,,,,AD7961BCPZ-RL7,,,,adc_dac_v1:CP_32_7,AD7960BCPZ-RL7,,
U32,,,,OPA325IDBVR,,,https://www.ti.com/lit/ds/symlink/opa325.pdf?ts=1622090939582,Package_TO_SOT_SMD:SOT-23-5,OPA325,,
U33,,,,AD7961BCPZ-RL7,,,,adc_dac_v1:CP_32_7,AD7960BCPZ-RL7,,
U34,,,,OPA325IDBVR,,,https://www.ti.com/lit/ds/symlink/opa325.pdf?ts=1622090939582,Package_TO_SOT_SMD:SOT-23-5,OPA325,,
U35,,,,TMUX6111PWR,,,,digikey-footprints:TSSOP-14_W4.4mm,TMUX6111PWR,,
U36,,,,AD5453YRMZ-REEL7,,,,adc_dac_v1:RM_8,AD5453,,
U37,,,,OPA2156IDR,,,https://www.ti.com/lit/ds/symlink/opa2156.pdf,Package_SO:SOIC-8_3.9x4.9mm_P1.27mm,OPA2156xD,,
U38,,,,TMUX6111PWR,,,,digikey-footprints:TSSOP-14_W4.4mm,TMUX6111PWR,,
U39,,,,AD5453YRMZ-REEL7,,,,adc_dac_v1:RM_8,AD5453,,
U4,,,,OPA2156IDR,,,https://www.ti.com/lit/ds/symlink/opa2156.pdf,Package_SO:SOIC-8_3.9x4.9mm_P1.27mm,OPA2156xD,,
U40,,,,OPA2156IDR,,,https://www.ti.com/lit/ds/symlink/opa2156.pdf,Package_SO:SOIC-8_3.9x4.9mm_P1.27mm,OPA2156xD,,
U41,,,,TMUX6111PWR,,,,digikey-footprints:TSSOP-14_W4.4mm,TMUX6111PWR,,
U42,,,,AD5453YRMZ-REEL7,,,,adc_dac_v1:RM_8,AD5453,,
U43,,,,OPA2156IDR,,,https://www.ti.com/lit/ds/symlink/opa2156.pdf,Package_SO:SOIC-8_3.9x4.9mm_P1.27mm,OPA2156xD,,
U44,,,,TMUX6111PWR,,,,digikey-footprints:TSSOP-14_W4.4mm,TMUX6111PWR,,
U45,,,,AD5453YRMZ-REEL7,,,,adc_dac_v1:RM_8,AD5453,,
U46,,,,OPA2156IDR,,,https://www.ti.com/lit/ds/symlink/opa2156.pdf,Package_SO:SOIC-8_3.9x4.9mm_P1.27mm,OPA2156xD,,
U47,,,,TMUX6111PWR,,,,digikey-footprints:TSSOP-14_W4.4mm,TMUX6111PWR,,
U48,,,,AD5453YRMZ-REEL7,,,,adc_dac_v1:RM_8,AD5453,,
U49,,,,OPA2156IDR,,,https://www.ti.com/lit/ds/symlink/opa2156.pdf,Package_SO:SOIC-8_3.9x4.9mm_P1.27mm,OPA2156xD,,
U5,,,,LP38693MP-3.3/NOPB,,,https://www.ti.com/lit/ds/symlink/lp38693.pdf,Package_TO_SOT_SMD:SOT-223-5,LP38693MP-3.3,,
U50,,,,TMUX6111PWR,,,,digikey-footprints:TSSOP-14_W4.4mm,TMUX6111PWR,,
U51,,,,AD5453YRMZ-REEL7,,,,adc_dac_v1:RM_8,AD5453,,
U52,,,,OPA2156IDR,,,https://www.ti.com/lit/ds/symlink/opa2156.pdf,Package_SO:SOIC-8_3.9x4.9mm_P1.27mm,OPA2156xD,,
U53,,,,OPA2156IDR,,,https://www.ti.com/lit/ds/symlink/opa2156.pdf,Package_SO:SOIC-8_3.9x4.9mm_P1.27mm,OPA2156xD,,
U54,,,,OPA2156IDR,,,https://www.ti.com/lit/ds/symlink/opa2156.pdf,Package_SO:SOIC-8_3.9x4.9mm_P1.27mm,OPA2156xD,,
U55,,,,OPA2156IDR,,,https://www.ti.com/lit/ds/symlink/opa2156.pdf,Package_SO:SOIC-8_3.9x4.9mm_P1.27mm,OPA2156xD,,
U56,,,,OPA2156IDR,,,https://www.ti.com/lit/ds/symlink/opa2156.pdf,Package_SO:SOIC-8_3.9x4.9mm_P1.27mm,OPA2156xD,,
U57,,,,DAC80508ZRTER,,,,RTE0016D,DAC80508ZRTER,,
U58,,,,OPA2156IDR,,,https://www.ti.com/lit/ds/symlink/opa2156.pdf,Package_SO:SOIC-8_3.9x4.9mm_P1.27mm,OPA2156xD,,
U59,,,,OPA2156IDR,,,https://www.ti.com/lit/ds/symlink/opa2156.pdf,Package_SO:SOIC-8_3.9x4.9mm_P1.27mm,OPA2156xD,,
U6,,,,OPA2156IDR,,,https://www.ti.com/lit/ds/symlink/opa2156.pdf,Package_SO:SOIC-8_3.9x4.9mm_P1.27mm,OPA2156xD,,
U60,,,,OPA2156IDR,,,https://www.ti.com/lit/ds/symlink/opa2156.pdf,Package_SO:SOIC-8_3.9x4.9mm_P1.27mm,OPA2156xD,,
U61,,,,OPA2156IDR,,,https://www.ti.com/lit/ds/symlink/opa2156.pdf,Package_SO:SOIC-8_3.9x4.9mm_P1.27mm,OPA2156xD,,
U62,,,,TMUX6136PWR,,,,digikey-footprints:TSSOP-16_W4.4mm,TMUX6136PWR,,
U63,,,,TMUX6136PWR,,,,digikey-footprints:TSSOP-16_W4.4mm,TMUX6136PWR,,
U64,,,,OPA991SIDBVR,,,https://www.ti.com/lit/ds/symlink/opa991.pdf,Package_TO_SOT_SMD:SOT-23-6,OPA991S,,
U7,,,,TMUX6136PWR,,,,digikey-footprints:TSSOP-16_W4.4mm,TMUX6136PWR,,
U8,,,,OPA2156IDR,,,https://www.ti.com/lit/ds/symlink/opa2156.pdf,Package_SO:SOIC-8_3.9x4.9mm_P1.27mm,OPA2156xD,,
U9,,,,TMUX6136PWR,,,,digikey-footprints:TSSOP-16_W4.4mm,TMUX6136PWR,,